user_id,date,nb_actions,nb_echecs,volume_total,nb_acces_nuit,nb_weekend,amplitude_horaire,prediction_raw,score_anomalie,est_detecte,severite
USR_ADM_01,2026-04-15,6,0,0,0,0,8,1,0.36909525018947625,0,FAIBLE
USR_ADM_01,2026-04-16,9,0,0,0,0,9,1,0.4117538466943862,0,FAIBLE
USR_ADM_01,2026-04-17,5,1,222,0,0,8,1,0.4904513671144688,0,MOYEN
USR_ADM_01,2026-04-18,6,0,0,0,6,8,1,0.45068751223019005,0,MOYEN
USR_ADM_01,2026-04-19,9,0,441,0,9,10,-1,0.6277733994125457,1,ÉLEVÉ
USR_ADM_01,2026-04-20,7,0,1,0,0,10,1,0.38764206488338443,0,FAIBLE
USR_ADM_01,2026-04-21,6,0,380,0,0,7,1,0.47435682747351077,0,MOYEN
USR_ADM_01,2026-04-22,6,0,0,0,0,8,1,0.36909525018947625,0,FAIBLE
USR_ADM_01,2026-04-23,10,0,0,0,0,7,1,0.43127110869913204,0,FAIBLE
USR_ADM_01,2026-04-24,9,0,328,0,0,6,1,0.511843962526211,0,MOYEN
USR_ADM_01,2026-04-25,6,0,0,0,6,6,1,0.4638932761991581,0,MOYEN
USR_ADM_01,2026-04-26,6,0,0,0,6,5,1,0.47457823576352265,0,MOYEN
USR_ADM_01,2026-04-27,11,2,42,0,0,10,-1,0.5894146477752099,1,ÉLEVÉ
USR_ADM_01,2026-04-28,4,0,0,0,0,5,1,0.3673637500637218,0,FAIBLE
USR_ADM_01,2026-04-29,5,0,0,0,0,8,1,0.3613830481078887,0,FAIBLE
USR_ADM_01,2026-04-30,5,1,2,0,0,7,1,0.4168472604730303,0,FAIBLE
USR_ADM_01,2026-05-01,5,0,0,0,0,8,1,0.3613830481078887,0,FAIBLE
USR_ADM_01,2026-05-02,8,1,3,1,8,14,-1,0.6225570786649197,1,ÉLEVÉ
USR_ADM_01,2026-05-03,9,1,3,1,9,14,-1,0.64411959742777,1,ÉLEVÉ
USR_ADM_01,2026-05-04,6,0,0,0,0,6,1,0.3806596805911195,0,FAIBLE
USR_ADM_01,2026-05-05,12,1,10,0,0,9,1,0.5078184217877456,0,MOYEN
USR_ADM_01,2026-05-06,6,0,0,0,0,6,1,0.3806596805911195,0,FAIBLE
USR_ADM_01,2026-05-07,2,0,0,0,0,2,1,0.3884598144162979,0,FAIBLE
USR_ADM_01,2026-05-08,7,0,0,0,0,9,1,0.38135700935532424,0,FAIBLE
USR_ADM_01,2026-05-09,5,0,0,0,5,7,1,0.4263810878688649,0,FAIBLE
USR_ADM_01,2026-05-10,6,0,0,0,6,8,1,0.45068751223019005,0,MOYEN
USR_ADM_01,2026-05-11,5,1,16,0,0,5,1,0.4214744326440591,0,FAIBLE
USR_ADM_01,2026-05-12,13,0,0,0,0,9,1,0.504584407942873,0,MOYEN
USR_ADM_01,2026-05-13,6,0,279,0,0,6,1,0.4659761192002273,0,MOYEN
USR_ADM_01,2026-05-14,10,0,0,0,0,8,1,0.42887933363331027,0,FAIBLE
USR_ADM_01,2026-05-15,4,0,0,0,0,2,1,0.39367605752076107,0,FAIBLE
USR_ADM_01,2026-05-16,6,0,0,0,6,5,1,0.47457823576352265,0,MOYEN
USR_ADM_01,2026-05-17,6,0,482,0,6,9,-1,0.5750089806434435,1,ÉLEVÉ
USR_ADM_01,2026-05-18,10,3,67,0,0,8,-1,0.616379594662014,1,ÉLEVÉ
USR_ADM_01,2026-05-19,9,0,0,0,0,9,1,0.4117538466943862,0,FAIBLE
USR_ADM_01,2026-05-20,3,1,0,0,0,4,1,0.44718548303830874,0,FAIBLE
USR_ADM_01,2026-05-21,8,1,0,0,0,9,1,0.4406207145641239,0,FAIBLE
USR_ADM_01,2026-05-22,4,0,0,0,0,4,1,0.3718736087248426,0,FAIBLE
USR_ADM_01,2026-05-23,6,0,0,0,6,5,1,0.47457823576352265,0,MOYEN
USR_ADM_01,2026-05-24,4,0,0,0,4,8,1,0.4128371715629765,0,FAIBLE
USR_ADM_01,2026-05-25,11,0,3,0,0,9,1,0.44760648375235657,0,FAIBLE
USR_ADM_01,2026-05-26,5,0,432,0,0,8,1,0.49287591878565046,0,MOYEN
USR_ADM_01,2026-05-27,4,0,2,0,0,7,1,0.3570088254001168,0,FAIBLE
USR_ADM_01,2026-05-28,10,0,1,0,0,8,1,0.42922424152405114,0,FAIBLE
USR_ADM_01,2026-05-29,7,1,25,0,0,5,1,0.4500137832218766,0,MOYEN
USR_ADM_02,2026-04-15,7,1,0,0,0,4,1,0.46390362671687146,0,MOYEN
USR_ADM_02,2026-04-16,8,0,0,0,0,8,1,0.39407757953532696,0,FAIBLE
USR_ADM_02,2026-04-17,5,0,0,0,0,3,1,0.3912629402256486,0,FAIBLE
USR_ADM_02,2026-04-18,5,0,0,0,5,8,1,0.4211923504375569,0,FAIBLE
USR_ADM_02,2026-04-19,8,1,0,0,8,6,-1,0.5550344307960096,1,ÉLEVÉ
USR_ADM_02,2026-04-20,8,1,21,0,0,7,1,0.4395250491329387,0,FAIBLE
USR_ADM_02,2026-04-21,9,0,3,0,0,7,1,0.4140312025734703,0,FAIBLE
USR_ADM_02,2026-04-22,8,0,0,0,0,7,1,0.3967990331171084,0,FAIBLE
USR_ADM_02,2026-04-23,6,0,0,0,0,9,1,0.36901562135822025,0,FAIBLE
USR_ADM_02,2026-04-24,3,0,0,0,0,6,1,0.3669194229035397,0,FAIBLE
USR_ADM_02,2026-04-25,4,1,251,0,4,5,-1,0.572290371098641,1,ÉLEVÉ
USR_ADM_02,2026-04-26,10,0,0,0,10,8,-1,0.5756927049807334,1,ÉLEVÉ
USR_ADM_02,2026-04-27,9,1,311,0,0,7,1,0.537946089295285,0,MOYEN
USR_ADM_02,2026-04-28,6,1,19,0,0,9,1,0.4136361361293748,0,FAIBLE
USR_ADM_02,2026-04-29,7,1,17,0,0,9,1,0.422783884907941,0,FAIBLE
USR_ADM_02,2026-04-30,8,1,27,0,0,9,1,0.4423020949739508,0,FAIBLE
USR_ADM_02,2026-05-01,11,0,0,0,0,8,1,0.4501599535548801,0,MOYEN
USR_ADM_02,2026-05-02,9,1,318,0,9,8,-1,0.6211364289716697,1,ÉLEVÉ
USR_ADM_02,2026-05-03,4,0,0,0,4,4,1,0.4397470386023311,0,FAIBLE
USR_ADM_02,2026-05-04,4,0,0,0,0,8,1,0.3576624951927691,0,FAIBLE
USR_ADM_02,2026-05-05,9,0,2,1,0,11,1,0.5216492146696302,0,MOYEN
USR_ADM_02,2026-05-06,4,0,0,0,0,9,1,0.3594516550062288,0,FAIBLE
USR_ADM_02,2026-05-07,8,0,0,0,0,9,1,0.3959212673690085,0,FAIBLE
USR_ADM_02,2026-05-08,5,0,0,0,0,5,1,0.37484714100614563,0,FAIBLE
USR_ADM_02,2026-05-09,8,0,0,0,8,8,1,0.5098027969312849,0,MOYEN
USR_ADM_02,2026-05-10,4,1,0,0,4,3,1,0.5258639893796856,0,MOYEN
USR_ADM_02,2026-05-11,4,1,0,0,0,3,1,0.45503847686343624,0,MOYEN
USR_ADM_02,2026-05-12,4,0,2,0,0,7,1,0.3570088254001168,0,FAIBLE
USR_ADM_02,2026-05-13,9,0,0,0,0,8,1,0.4106353070652791,0,FAIBLE
USR_ADM_02,2026-05-14,9,1,15,1,0,17,-1,0.5614959158549456,1,ÉLEVÉ
USR_ADM_02,2026-05-15,5,0,2,0,0,7,1,0.3627593686787049,0,FAIBLE
USR_ADM_02,2026-05-16,12,1,12,0,12,8,-1,0.639520798466118,1,ÉLEVÉ
USR_ADM_02,2026-05-17,4,0,0,0,4,7,1,0.41556149791800895,0,FAIBLE
USR_ADM_02,2026-05-18,10,1,631,0,0,7,-1,0.6106235679511408,1,ÉLEVÉ
USR_ADM_02,2026-05-19,10,0,0,0,0,9,1,0.42981911293364916,0,FAIBLE
USR_ADM_02,2026-05-20,8,1,23,0,0,8,1,0.4374431852231975,0,FAIBLE
USR_ADM_02,2026-05-21,6,1,13,0,0,8,1,0.4110844330834714,0,FAIBLE
USR_ADM_02,2026-05-22,14,2,54,1,0,15,-1,0.6814387026143999,1,ÉLEVÉ
USR_ADM_02,2026-05-23,5,0,404,0,5,7,1,0.5399797259894931,0,MOYEN
USR_ADM_02,2026-05-24,7,0,3,0,7,9,1,0.4757628991037392,0,MOYEN
USR_ADM_02,2026-05-25,15,2,11,0,0,9,-1,0.6280306627281262,1,ÉLEVÉ
USR_ADM_02,2026-05-26,11,0,0,0,0,9,1,0.4495622602350437,0,FAIBLE
USR_ADM_02,2026-05-27,5,0,0,0,0,6,1,0.37063143715557983,0,FAIBLE
USR_ADM_02,2026-05-28,6,2,46,0,0,8,1,0.5384936780303706,0,MOYEN
USR_ADM_02,2026-05-29,8,1,0,0,0,5,1,0.46565472521878776,0,MOYEN
USR_ADM_03,2026-04-15,7,0,3,1,0,15,1,0.49328494482655094,0,MOYEN
USR_ADM_03,2026-04-16,9,0,0,0,0,9,1,0.4117538466943862,0,FAIBLE
USR_ADM_03,2026-04-17,7,0,2,1,0,16,1,0.4981296685857487,0,MOYEN
USR_ADM_03,2026-04-18,2,1,0,0,2,1,1,0.5414966368179633,0,MOYEN
USR_ADM_03,2026-04-19,9,0,0,0,9,9,-1,0.5420777161910882,1,MOYEN
USR_ADM_03,2026-04-20,6,0,0,0,0,8,1,0.36909525018947625,0,FAIBLE
USR_ADM_03,2026-04-21,4,0,0,0,0,5,1,0.3673637500637218,0,FAIBLE
USR_ADM_03,2026-04-22,10,1,18,0,0,9,1,0.4709354297737649,0,MOYEN
USR_ADM_03,2026-04-23,7,1,23,0,0,5,1,0.4467497998185335,0,FAIBLE
USR_ADM_03,2026-04-24,9,1,28,1,0,15,-1,0.5529542913064441,1,ÉLEVÉ
USR_ADM_03,2026-04-25,7,1,25,0,7,8,1,0.5208713672930588,0,MOYEN
USR_ADM_03,2026-04-26,7,0,0,0,7,7,1,0.4824920299505256,0,MOYEN
USR_ADM_03,2026-04-27,15,1,807,0,0,8,-1,0.6835536447769724,1,ÉLEVÉ
USR_ADM_03,2026-04-28,6,0,0,0,0,4,1,0.3919530374105044,0,FAIBLE
USR_ADM_03,2026-04-29,6,0,743,1,0,14,-1,0.6229800365130497,1,ÉLEVÉ
USR_ADM_03,2026-04-30,5,0,359,0,0,9,1,0.46541126832797847,0,MOYEN
USR_ADM_03,2026-05-01,7,0,0,0,0,5,1,0.40034200387200636,0,FAIBLE
USR_ADM_03,2026-05-02,7,0,3,0,7,6,1,0.48749256367934574,0,MOYEN
USR_ADM_03,2026-05-03,5,2,25,0,5,5,-1,0.5846445346757846,1,ÉLEVÉ
USR_ADM_03,2026-05-04,8,1,12,0,0,7,1,0.4328919876668886,0,FAIBLE
USR_ADM_03,2026-05-05,9,0,0,0,0,3,1,0.4463490086916921,0,FAIBLE
USR_ADM_03,2026-05-06,9,0,3,1,0,14,1,0.512480535807481,0,MOYEN
USR_ADM_03,2026-05-07,8,1,0,0,0,8,1,0.43781258692134867,0,FAIBLE
USR_ADM_03,2026-05-08,10,0,7,1,0,15,1,0.5296512838503334,0,MOYEN
USR_ADM_03,2026-05-09,12,1,19,0,12,8,-1,0.6406371489590846,1,ÉLEVÉ
USR_ADM_03,2026-05-10,7,1,13,0,7,7,1,0.5187380498047452,0,MOYEN
USR_ADM_03,2026-05-11,8,0,4,2,0,16,-1,0.6188510257702105,1,ÉLEVÉ
USR_ADM_03,2026-05-12,9,1,10,0,0,5,1,0.4688498235754872,0,MOYEN
USR_ADM_03,2026-05-13,9,0,426,0,0,6,1,0.5361553238908748,0,MOYEN
USR_ADM_03,2026-05-14,8,2,45,1,0,16,-1,0.6294820953640068,1,ÉLEVÉ
USR_ADM_03,2026-05-15,9,0,0,0,0,8,1,0.4106353070652791,0,FAIBLE
USR_ADM_03,2026-05-16,8,1,22,0,8,9,1,0.5376704091052188,0,MOYEN
USR_ADM_03,2026-05-17,11,2,0,0,11,9,-1,0.6724930376983284,1,ÉLEVÉ
USR_ADM_03,2026-05-18,10,0,0,0,0,9,1,0.42981911293364916,0,FAIBLE
USR_ADM_03,2026-05-19,15,1,1,1,0,16,-1,0.6357142977117073,1,ÉLEVÉ
USR_ADM_03,2026-05-20,12,1,11,0,0,9,1,0.5075258456074964,0,MOYEN
USR_ADM_03,2026-05-21,4,0,0,0,0,9,1,0.3594516550062288,0,FAIBLE
USR_ADM_03,2026-05-22,9,1,12,1,0,16,-1,0.5557862161465716,1,ÉLEVÉ
USR_ADM_03,2026-05-23,7,0,0,0,7,8,1,0.4786837965983233,0,MOYEN
USR_ADM_03,2026-05-24,12,1,13,0,12,8,-1,0.6390434173036088,1,ÉLEVÉ
USR_ADM_03,2026-05-25,11,0,0,0,0,9,1,0.4495622602350437,0,FAIBLE
USR_ADM_03,2026-05-26,8,0,0,0,0,7,1,0.3967990331171084,0,FAIBLE
USR_ADM_03,2026-05-27,6,0,0,0,0,5,1,0.3860514549135506,0,FAIBLE
USR_ADM_03,2026-05-28,9,1,3,0,0,9,1,0.4552551307907432,0,MOYEN
USR_ADM_03,2026-05-29,4,0,0,0,0,4,1,0.3718736087248426,0,FAIBLE
USR_ADM_04,2026-04-15,11,1,417,2,0,15,-1,0.7075110153826386,1,CRITIQUE
USR_ADM_04,2026-04-16,5,1,0,0,0,6,1,0.4274157462571192,0,FAIBLE
USR_ADM_04,2026-04-17,5,0,0,0,0,9,1,0.36257024921943276,0,FAIBLE
USR_ADM_04,2026-04-18,4,0,0,0,4,7,1,0.41556149791800895,0,FAIBLE
USR_ADM_04,2026-04-19,13,1,27,0,13,9,-1,0.6648573477158939,1,ÉLEVÉ
USR_ADM_04,2026-04-20,4,0,0,0,0,4,1,0.3718736087248426,0,FAIBLE
USR_ADM_04,2026-04-21,10,1,10,0,0,7,1,0.46924526019664864,0,MOYEN
USR_ADM_04,2026-04-22,7,0,3,0,0,8,1,0.3785482111311445,0,FAIBLE
USR_ADM_04,2026-04-23,4,1,25,0,0,5,1,0.42853946830207884,0,FAIBLE
USR_ADM_04,2026-04-24,9,0,0,0,0,9,1,0.4117538466943862,0,FAIBLE
USR_ADM_04,2026-04-25,8,0,2,0,8,8,1,0.5081391469146029,0,MOYEN
USR_ADM_04,2026-04-26,6,1,0,0,6,5,1,0.5253459755048947,0,MOYEN
USR_ADM_04,2026-04-27,15,2,3,1,0,13,-1,0.6781621624965918,1,ÉLEVÉ
USR_ADM_04,2026-04-28,7,0,0,0,0,8,1,0.3799253981391445,0,FAIBLE
USR_ADM_04,2026-04-29,5,0,0,0,0,9,1,0.36257024921943276,0,FAIBLE
USR_ADM_04,2026-04-30,3,0,0,0,0,6,1,0.3669194229035397,0,FAIBLE
USR_ADM_04,2026-05-01,9,2,10,0,0,8,1,0.5396451668822634,0,MOYEN
USR_ADM_04,2026-05-02,7,0,3,0,7,6,1,0.48749256367934574,0,MOYEN
USR_ADM_04,2026-05-03,10,0,1,0,10,8,-1,0.575887490829174,1,ÉLEVÉ
USR_ADM_04,2026-05-04,8,0,0,0,0,9,1,0.3959212673690085,0,FAIBLE
USR_ADM_04,2026-05-05,7,0,3,0,0,9,1,0.3793431303441499,0,FAIBLE
USR_ADM_04,2026-05-06,6,0,5,1,0,16,1,0.47541169840328545,0,MOYEN
USR_ADM_04,2026-05-07,7,1,25,2,0,15,-1,0.6159674634812824,1,ÉLEVÉ
USR_ADM_04,2026-05-08,2,0,0,0,0,3,1,0.38174786293580404,0,FAIBLE
USR_ADM_04,2026-05-09,10,0,0,0,10,7,-1,0.577899485788813,1,ÉLEVÉ
USR_ADM_04,2026-05-10,10,1,12,0,10,9,-1,0.5946839123437674,1,ÉLEVÉ
USR_ADM_04,2026-05-11,7,0,0,0,0,6,1,0.3912943104469051,0,FAIBLE
USR_ADM_04,2026-05-12,6,0,8,1,0,14,1,0.4602937075648746,0,MOYEN
USR_ADM_04,2026-05-13,7,0,358,0,0,9,1,0.4765554942170316,0,MOYEN
USR_ADM_04,2026-05-14,8,2,314,1,0,14,-1,0.6632733825824977,1,ÉLEVÉ
USR_ADM_04,2026-05-15,8,1,3,1,0,13,-1,0.5460071019419355,1,MOYEN
USR_ADM_04,2026-05-16,8,0,0,0,8,8,1,0.5098027969312849,0,MOYEN
USR_ADM_04,2026-05-17,7,0,377,0,7,5,-1,0.58428424347174,1,ÉLEVÉ
USR_ADM_04,2026-05-18,5,0,0,0,0,8,1,0.3613830481078887,0,FAIBLE
USR_ADM_04,2026-05-19,11,0,3,1,0,14,1,0.5409527875288677,0,MOYEN
USR_ADM_04,2026-05-20,6,0,4,1,0,15,1,0.47356339700875894,0,MOYEN
USR_ADM_04,2026-05-21,12,1,26,0,0,10,1,0.5189645782147057,0,MOYEN
USR_ADM_04,2026-05-22,9,0,224,0,0,9,1,0.48973621301391357,0,MOYEN
USR_ADM_04,2026-05-23,8,0,0,0,8,5,1,0.5308327718613552,0,MOYEN
USR_ADM_04,2026-05-24,7,0,735,1,7,13,-1,0.6744733575178586,1,ÉLEVÉ
USR_ADM_04,2026-05-25,8,0,0,0,0,9,1,0.3959212673690085,0,FAIBLE
USR_ADM_04,2026-05-26,11,1,10,0,0,7,1,0.48651641813939495,0,MOYEN
USR_ADM_04,2026-05-27,13,0,0,0,0,9,1,0.504584407942873,0,MOYEN
USR_ADM_04,2026-05-28,9,0,2,0,0,3,1,0.4447109570636875,0,FAIBLE
USR_ADM_04,2026-05-29,9,0,0,0,0,9,1,0.4117538466943862,0,FAIBLE
USR_ADM_05,2026-04-15,3,0,1,0,0,3,1,0.3752438199050375,0,FAIBLE
USR_ADM_05,2026-04-16,2,0,0,0,0,2,1,0.3884598144162979,0,FAIBLE
USR_ADM_05,2026-04-17,9,0,321,0,0,9,1,0.49471598957070345,0,MOYEN
USR_ADM_05,2026-04-18,9,1,0,0,9,9,-1,0.5667920342364011,1,ÉLEVÉ
USR_ADM_05,2026-04-19,3,0,0,0,3,8,1,0.41176924535976844,0,FAIBLE
USR_ADM_05,2026-04-20,7,1,13,0,0,5,1,0.441400213700962,0,FAIBLE
USR_ADM_05,2026-04-21,8,0,0,0,0,6,1,0.40579637439489735,0,FAIBLE
USR_ADM_05,2026-04-22,5,0,0,0,0,7,1,0.3640358177602871,0,FAIBLE
USR_ADM_05,2026-04-23,7,0,0,0,0,5,1,0.40034200387200636,0,FAIBLE
USR_ADM_05,2026-04-24,10,0,255,0,0,7,1,0.5105682765452908,0,MOYEN
USR_ADM_05,2026-04-25,8,1,21,0,8,9,1,0.5376704091052188,0,MOYEN
USR_ADM_05,2026-04-26,3,0,0,0,3,2,1,0.45828576547643346,0,MOYEN
USR_ADM_05,2026-04-27,5,0,0,0,0,4,1,0.38138524931146084,0,FAIBLE
USR_ADM_05,2026-04-28,10,0,0,0,0,8,1,0.42887933363331027,0,FAIBLE
USR_ADM_05,2026-04-29,6,1,0,0,0,8,1,0.41822288044846534,0,FAIBLE
USR_ADM_05,2026-04-30,6,0,0,0,0,8,1,0.36909525018947625,0,FAIBLE
USR_ADM_05,2026-05-01,7,1,1,0,0,9,1,0.4271150293771417,0,FAIBLE
USR_ADM_05,2026-05-02,5,1,14,1,5,13,-1,0.5793869302184627,1,ÉLEVÉ
USR_ADM_05,2026-05-03,3,0,1,0,3,7,1,0.41108813325141846,0,FAIBLE
USR_ADM_05,2026-05-04,7,1,29,0,0,6,1,0.44624928798991004,0,FAIBLE
USR_ADM_05,2026-05-05,6,0,0,0,0,8,1,0.36909525018947625,0,FAIBLE
USR_ADM_05,2026-05-06,6,2,17,0,0,9,1,0.5100570391927065,0,MOYEN
USR_ADM_05,2026-05-07,7,0,0,0,0,8,1,0.3799253981391445,0,FAIBLE
USR_ADM_05,2026-05-08,2,0,0,0,0,5,1,0.3777241264902156,0,FAIBLE
USR_ADM_05,2026-05-09,12,0,4,1,12,13,-1,0.6791586747588759,1,ÉLEVÉ
USR_ADM_05,2026-05-10,4,1,27,0,4,9,1,0.47805282132292426,0,MOYEN
USR_ADM_05,2026-05-11,8,0,0,0,0,9,1,0.3959212673690085,0,FAIBLE
USR_ADM_05,2026-05-12,10,0,0,0,0,7,1,0.43127110869913204,0,FAIBLE
USR_ADM_05,2026-05-13,10,0,1,0,0,9,1,0.429459333972073,0,FAIBLE
USR_ADM_05,2026-05-14,11,1,249,0,0,8,-1,0.5530746979125849,1,ÉLEVÉ
USR_ADM_05,2026-05-15,8,1,14,0,0,7,1,0.4353303976575106,0,FAIBLE
USR_ADM_05,2026-05-16,12,0,3,1,12,14,-1,0.6786596029563462,1,ÉLEVÉ
USR_ADM_05,2026-05-17,9,0,0,0,9,8,1,0.541723780081789,0,MOYEN
USR_ADM_05,2026-05-18,7,0,0,0,0,7,1,0.38392438355453734,0,FAIBLE
USR_ADM_05,2026-05-19,9,0,2,0,0,9,1,0.41070585184044295,0,FAIBLE
USR_ADM_05,2026-05-20,8,0,0,0,0,8,1,0.39407757953532696,0,FAIBLE
USR_ADM_05,2026-05-21,10,0,2,0,0,8,1,0.4291348195680816,0,FAIBLE
USR_ADM_05,2026-05-22,6,0,0,0,0,5,1,0.3860514549135506,0,FAIBLE
USR_ADM_05,2026-05-23,5,0,0,0,5,4,1,0.4556831324479129,0,MOYEN
USR_ADM_05,2026-05-24,11,0,0,0,11,9,-1,0.6034533960289854,1,ÉLEVÉ
USR_ADM_05,2026-05-25,8,0,3,0,0,7,1,0.39576471910879857,0,FAIBLE
USR_ADM_05,2026-05-26,10,1,30,1,0,17,-1,0.5822415062745918,1,ÉLEVÉ
USR_ADM_05,2026-05-27,14,0,2,0,0,8,1,0.5138893820637862,0,MOYEN
USR_ADM_05,2026-05-28,7,0,0,0,0,5,1,0.40034200387200636,0,FAIBLE
USR_ADM_05,2026-05-29,7,0,0,0,0,5,1,0.40034200387200636,0,FAIBLE
USR_ADM_06,2026-04-15,10,0,796,0,0,8,-1,0.6100470801132515,1,ÉLEVÉ
USR_ADM_06,2026-04-16,8,0,0,0,0,5,1,0.414558631445089,0,FAIBLE
USR_ADM_06,2026-04-17,6,0,372,0,0,5,1,0.49361712969249294,0,MOYEN
USR_ADM_06,2026-04-18,3,0,0,0,3,6,1,0.42124608061823643,0,FAIBLE
USR_ADM_06,2026-04-19,4,2,15,0,4,8,-1,0.5511105381818819,1,ÉLEVÉ
USR_ADM_06,2026-04-20,9,0,3,0,0,8,1,0.4099641960365308,0,FAIBLE
USR_ADM_06,2026-04-21,12,0,205,0,0,8,1,0.5406452890658567,0,MOYEN
USR_ADM_06,2026-04-22,6,0,0,0,0,7,1,0.3713556979585676,0,FAIBLE
USR_ADM_06,2026-04-23,7,1,26,0,0,7,1,0.430707061142808,0,FAIBLE
USR_ADM_06,2026-04-24,6,1,30,0,0,8,1,0.4252317800169306,0,FAIBLE
USR_ADM_06,2026-04-25,7,1,0,0,7,9,1,0.5204103691003148,0,MOYEN
USR_ADM_06,2026-04-26,9,1,30,0,9,7,-1,0.5804128732017904,1,ÉLEVÉ
USR_ADM_06,2026-04-27,8,0,0,0,0,7,1,0.3967990331171084,0,FAIBLE
USR_ADM_06,2026-04-28,8,0,1,0,0,10,1,0.4025783128300933,0,FAIBLE
USR_ADM_06,2026-04-29,11,1,0,0,0,9,1,0.48664941945427265,0,MOYEN
USR_ADM_06,2026-04-30,7,0,0,0,0,8,1,0.3799253981391445,0,FAIBLE
USR_ADM_06,2026-05-01,5,0,0,0,0,7,1,0.3640358177602871,0,FAIBLE
USR_ADM_06,2026-05-02,7,1,16,1,7,14,-1,0.5999720677660267,1,ÉLEVÉ
USR_ADM_06,2026-05-03,7,0,5,1,7,15,-1,0.5835561154404153,1,ÉLEVÉ
USR_ADM_06,2026-05-04,3,1,1,0,0,5,1,0.43380721258111077,0,FAIBLE
USR_ADM_06,2026-05-05,8,0,0,0,0,5,1,0.414558631445089,0,FAIBLE
USR_ADM_06,2026-05-06,6,0,0,0,0,7,1,0.3713556979585676,0,FAIBLE
USR_ADM_06,2026-05-07,10,0,0,0,0,8,1,0.42887933363331027,0,FAIBLE
USR_ADM_06,2026-05-08,8,1,0,0,0,9,1,0.4406207145641239,0,FAIBLE
USR_ADM_06,2026-05-09,9,1,294,1,9,15,-1,0.6830326228357618,1,ÉLEVÉ
USR_ADM_06,2026-05-10,5,0,0,0,5,9,1,0.4226334249675722,0,FAIBLE
USR_ADM_06,2026-05-11,5,0,0,0,0,8,1,0.3613830481078887,0,FAIBLE
USR_ADM_06,2026-05-12,7,1,11,0,0,4,1,0.452934835892915,0,MOYEN
USR_ADM_06,2026-05-13,6,2,327,0,0,8,-1,0.5886077239385188,1,ÉLEVÉ
USR_ADM_06,2026-05-14,9,0,1,0,0,6,1,0.42388275256641145,0,FAIBLE
USR_ADM_06,2026-05-15,6,0,405,0,0,8,1,0.48314552948536726,0,MOYEN
USR_ADM_06,2026-05-16,11,1,0,0,11,9,-1,0.6218169283054027,1,ÉLEVÉ
USR_ADM_06,2026-05-17,10,0,5,0,10,6,-1,0.5865846680502612,1,ÉLEVÉ
USR_ADM_06,2026-05-18,5,0,2,0,0,8,1,0.3597932456483326,0,FAIBLE
USR_ADM_06,2026-05-19,6,1,317,1,0,16,-1,0.6045684187311253,1,ÉLEVÉ
USR_ADM_06,2026-05-20,8,0,0,0,0,8,1,0.39407757953532696,0,FAIBLE
USR_ADM_06,2026-05-21,8,0,0,0,0,7,1,0.3967990331171084,0,FAIBLE
USR_ADM_06,2026-05-22,7,0,0,0,0,8,1,0.3799253981391445,0,FAIBLE
USR_ADM_06,2026-05-23,12,0,285,0,12,9,-1,0.667124020106484,1,ÉLEVÉ
USR_ADM_06,2026-05-24,5,0,0,0,5,6,1,0.43707429282493115,0,FAIBLE
USR_ADM_06,2026-05-25,7,1,13,0,0,7,1,0.42263176133877434,0,FAIBLE
USR_ADM_06,2026-05-26,4,0,0,0,0,9,1,0.3594516550062288,0,FAIBLE
USR_ADM_06,2026-05-27,6,0,3,0,0,9,1,0.3671911122693916,0,FAIBLE
USR_ADM_06,2026-05-28,11,0,257,0,0,7,1,0.5274996690364909,0,MOYEN
USR_ADM_06,2026-05-29,8,2,30,0,0,9,1,0.5397834532825677,0,MOYEN
USR_ADM_07,2026-04-15,8,0,2,2,0,14,-1,0.6090716290869903,1,ÉLEVÉ
USR_ADM_07,2026-04-16,7,1,29,0,0,7,1,0.43674934163062035,0,FAIBLE
USR_ADM_07,2026-04-17,7,0,3,0,0,7,1,0.3827367292426085,0,FAIBLE
USR_ADM_07,2026-04-18,5,0,0,0,5,8,1,0.4211923504375569,0,FAIBLE
USR_ADM_07,2026-04-19,3,0,312,0,3,8,1,0.5136117899930523,0,MOYEN
USR_ADM_07,2026-04-20,12,0,327,0,0,6,-1,0.5610980544100023,1,ÉLEVÉ
USR_ADM_07,2026-04-21,6,1,0,0,0,6,1,0.43196860548130805,0,FAIBLE
USR_ADM_07,2026-04-22,4,1,0,0,0,6,1,0.4276153005473199,0,FAIBLE
USR_ADM_07,2026-04-23,4,0,0,0,0,6,1,0.3651401163621794,0,FAIBLE
USR_ADM_07,2026-04-24,7,0,453,0,0,2,-1,0.5661962686626351,1,ÉLEVÉ
USR_ADM_07,2026-04-25,8,0,0,0,8,8,1,0.5098027969312849,0,MOYEN
USR_ADM_07,2026-04-26,12,0,5,2,12,14,-1,0.7178388375634219,1,CRITIQUE
USR_ADM_07,2026-04-27,4,0,0,0,0,7,1,0.35855782805169645,0,FAIBLE
USR_ADM_07,2026-04-28,9,1,22,1,0,16,-1,0.5539430724610278,1,ÉLEVÉ
USR_ADM_07,2026-04-29,8,0,6,0,0,6,1,0.4003803814467698,0,FAIBLE
USR_ADM_07,2026-04-30,7,0,317,0,0,6,1,0.4752626916025725,0,MOYEN
USR_ADM_07,2026-05-01,9,0,1,0,0,9,1,0.41061228700501745,0,FAIBLE
USR_ADM_07,2026-05-02,8,2,17,0,8,9,-1,0.613446017881225,1,ÉLEVÉ
USR_ADM_07,2026-05-03,4,0,0,0,4,8,1,0.4128371715629765,0,FAIBLE
USR_ADM_07,2026-05-04,11,0,3,0,0,9,1,0.44760648375235657,0,FAIBLE
USR_ADM_07,2026-05-05,10,0,0,0,0,6,1,0.442008364569026,0,FAIBLE
USR_ADM_07,2026-05-06,10,0,5,1,0,14,1,0.5232831830049364,0,MOYEN
USR_ADM_07,2026-05-07,9,0,3,1,0,16,1,0.5284015099842544,0,MOYEN
USR_ADM_07,2026-05-08,6,1,26,0,0,9,1,0.4195328987829726,0,FAIBLE
USR_ADM_07,2026-05-09,4,0,399,0,4,7,1,0.5316990723544517,0,MOYEN
USR_ADM_07,2026-05-10,3,0,0,0,3,4,1,0.43438362993307605,0,FAIBLE
USR_ADM_07,2026-05-11,11,0,0,0,0,6,1,0.4639013874792391,0,MOYEN
USR_ADM_07,2026-05-12,11,2,243,0,0,8,-1,0.6223099279030362,1,ÉLEVÉ
USR_ADM_07,2026-05-13,5,0,0,0,0,7,1,0.3640358177602871,0,FAIBLE
USR_ADM_07,2026-05-14,10,1,428,0,0,9,-1,0.5747555700485014,1,ÉLEVÉ
USR_ADM_07,2026-05-15,7,0,284,0,0,3,1,0.5038885575560179,0,MOYEN
USR_ADM_07,2026-05-16,5,0,0,0,5,7,1,0.4263810878688649,0,FAIBLE
USR_ADM_07,2026-05-17,8,0,0,0,8,9,1,0.5079035121174204,0,MOYEN
USR_ADM_07,2026-05-18,4,1,0,0,0,4,1,0.44382734920391703,0,FAIBLE
USR_ADM_07,2026-05-19,9,0,240,0,0,9,1,0.4914281323991702,0,MOYEN
USR_ADM_07,2026-05-20,5,0,0,0,0,9,1,0.36257024921943276,0,FAIBLE
USR_ADM_07,2026-05-21,8,0,482,1,0,14,-1,0.6066296907572792,1,ÉLEVÉ
USR_ADM_07,2026-05-22,8,0,0,0,0,8,1,0.39407757953532696,0,FAIBLE
USR_ADM_07,2026-05-23,7,1,18,0,7,7,1,0.5164896452152115,0,MOYEN
USR_ADM_07,2026-05-24,3,0,0,0,3,6,1,0.42124608061823643,0,FAIBLE
USR_ADM_07,2026-05-25,6,0,3,0,0,6,1,0.3785974066296647,0,FAIBLE
USR_ADM_07,2026-05-26,10,1,400,0,0,7,-1,0.5682186346091282,1,ÉLEVÉ
USR_ADM_07,2026-05-27,7,1,0,0,0,7,1,0.4313320871743149,0,FAIBLE
USR_ADM_07,2026-05-28,6,0,0,0,0,7,1,0.3713556979585676,0,FAIBLE
USR_ADM_07,2026-05-29,7,0,0,0,0,8,1,0.3799253981391445,0,FAIBLE
USR_ADM_08,2026-04-15,11,1,26,0,0,10,1,0.4973837639058102,0,MOYEN
USR_ADM_08,2026-04-16,5,0,0,0,0,3,1,0.3912629402256486,0,FAIBLE
USR_ADM_08,2026-04-17,6,0,1,1,0,14,1,0.46877547475261133,0,MOYEN
USR_ADM_08,2026-04-18,6,0,0,0,6,5,1,0.47457823576352265,0,MOYEN
USR_ADM_08,2026-04-19,10,2,3,1,10,12,-1,0.7007626340191159,1,CRITIQUE
USR_ADM_08,2026-04-20,7,0,301,0,0,8,1,0.46095734456293447,0,MOYEN
USR_ADM_08,2026-04-21,7,0,0,0,0,7,1,0.38392438355453734,0,FAIBLE
USR_ADM_08,2026-04-22,8,1,18,0,0,6,1,0.4488588011064605,0,FAIBLE
USR_ADM_08,2026-04-23,6,0,0,0,0,7,1,0.3713556979585676,0,FAIBLE
USR_ADM_08,2026-04-24,7,0,0,0,0,7,1,0.38392438355453734,0,FAIBLE
USR_ADM_08,2026-04-25,12,0,473,0,12,9,-1,0.687078658793965,1,ÉLEVÉ
USR_ADM_08,2026-04-26,10,0,3,0,10,9,-1,0.5787527674637087,1,ÉLEVÉ
USR_ADM_08,2026-04-27,4,0,376,0,0,6,1,0.47567198232363694,0,MOYEN
USR_ADM_08,2026-04-28,8,0,318,2,0,16,-1,0.6669090418270923,1,ÉLEVÉ
USR_ADM_08,2026-04-29,7,0,0,0,0,8,1,0.3799253981391445,0,FAIBLE
USR_ADM_08,2026-04-30,9,0,1,1,0,14,1,0.5115217503836668,0,MOYEN
USR_ADM_08,2026-05-01,17,1,23,0,0,9,-1,0.5678821314660234,1,ÉLEVÉ
USR_ADM_08,2026-05-02,8,0,491,1,8,15,-1,0.6709496062916046,1,ÉLEVÉ
USR_ADM_08,2026-05-03,7,0,0,0,7,7,1,0.4824920299505256,0,MOYEN
USR_ADM_08,2026-05-04,6,0,276,0,0,6,1,0.4655210972705152,0,MOYEN
USR_ADM_08,2026-05-05,4,1,18,0,0,8,1,0.4118079834238564,0,FAIBLE
USR_ADM_08,2026-05-06,8,0,3,0,0,9,1,0.3932280186023845,0,FAIBLE
USR_ADM_08,2026-05-07,5,0,2,0,0,8,1,0.3597932456483326,0,FAIBLE
USR_ADM_08,2026-05-08,6,0,0,0,0,6,1,0.3806596805911195,0,FAIBLE
USR_ADM_08,2026-05-09,9,1,428,0,9,9,-1,0.6370422086142491,1,ÉLEVÉ
USR_ADM_08,2026-05-10,2,0,0,0,2,1,1,0.4551697857282632,0,MOYEN
USR_ADM_08,2026-05-11,8,0,3,1,0,14,1,0.49698080257226257,0,MOYEN
USR_ADM_08,2026-05-12,4,0,0,0,0,8,1,0.3576624951927691,0,FAIBLE
USR_ADM_08,2026-05-13,4,0,356,0,0,9,1,0.465019405712956,0,MOYEN
USR_ADM_08,2026-05-14,4,0,0,0,0,3,1,0.37825372787911427,0,FAIBLE
USR_ADM_08,2026-05-15,10,0,279,0,0,7,1,0.511779844069865,0,MOYEN
USR_ADM_08,2026-05-16,9,1,1,0,9,8,-1,0.5669961069408299,1,ÉLEVÉ
USR_ADM_08,2026-05-17,6,1,15,0,6,6,1,0.5084028883256816,0,MOYEN
USR_ADM_08,2026-05-18,10,0,0,0,0,9,1,0.42981911293364916,0,FAIBLE
USR_ADM_08,2026-05-19,7,1,17,0,0,8,1,0.42164854089118103,0,FAIBLE
USR_ADM_08,2026-05-20,10,1,18,2,0,16,-1,0.6457994342593927,1,ÉLEVÉ
USR_ADM_08,2026-05-21,10,0,0,0,0,7,1,0.43127110869913204,0,FAIBLE
USR_ADM_08,2026-05-22,5,0,1,1,0,12,1,0.47169466157650186,0,MOYEN
USR_ADM_08,2026-05-23,11,1,457,1,11,14,-1,0.7145830237151788,1,CRITIQUE
USR_ADM_08,2026-05-24,8,0,0,0,8,6,1,0.5234021711196792,0,MOYEN
USR_ADM_08,2026-05-25,4,0,0,0,0,7,1,0.35855782805169645,0,FAIBLE
USR_ADM_08,2026-05-26,6,0,0,0,0,7,1,0.3713556979585676,0,FAIBLE
USR_ADM_08,2026-05-27,5,0,0,0,0,5,1,0.37484714100614563,0,FAIBLE
USR_ADM_08,2026-05-28,8,0,916,0,0,8,-1,0.5881960453839818,1,ÉLEVÉ
USR_ADM_08,2026-05-29,8,0,0,0,0,9,1,0.3959212673690085,0,FAIBLE
USR_ADM_09,2026-04-15,5,0,2,0,0,7,1,0.3627593686787049,0,FAIBLE
USR_ADM_09,2026-04-16,5,0,0,0,0,2,1,0.40506675357980076,0,FAIBLE
USR_ADM_09,2026-04-17,5,0,0,0,0,7,1,0.3640358177602871,0,FAIBLE
USR_ADM_09,2026-04-18,10,0,531,0,10,3,-1,0.684052385491294,1,ÉLEVÉ
USR_ADM_09,2026-04-19,11,1,28,0,11,6,-1,0.6422028309081836,1,ÉLEVÉ
USR_ADM_09,2026-04-20,7,0,0,0,0,9,1,0.38135700935532424,0,FAIBLE
USR_ADM_09,2026-04-21,7,0,2,0,0,5,1,0.3985014690422735,0,FAIBLE
USR_ADM_09,2026-04-22,6,0,1,1,0,12,1,0.47446005722385687,0,MOYEN
USR_ADM_09,2026-04-23,13,1,0,0,0,8,-1,0.5422554795354445,1,MOYEN
USR_ADM_09,2026-04-24,10,0,2,1,0,16,1,0.5400638246284469,0,MOYEN
USR_ADM_09,2026-04-25,9,0,0,0,9,7,-1,0.5469644043356269,1,MOYEN
USR_ADM_09,2026-04-26,11,1,5,0,11,9,-1,0.6227603378156626,1,ÉLEVÉ
USR_ADM_09,2026-04-27,11,1,4,1,0,13,-1,0.5795715683902195,1,ÉLEVÉ
USR_ADM_09,2026-04-28,3,0,0,0,0,4,1,0.37318620482175485,0,FAIBLE
USR_ADM_09,2026-04-29,7,0,0,0,0,9,1,0.38135700935532424,0,FAIBLE
USR_ADM_09,2026-04-30,3,0,0,0,0,7,1,0.36217180405706545,0,FAIBLE
USR_ADM_09,2026-05-01,12,0,0,0,0,9,1,0.4753703022507352,0,MOYEN
USR_ADM_09,2026-05-02,9,0,0,0,9,6,-1,0.5572044233478957,1,ÉLEVÉ
USR_ADM_09,2026-05-03,9,1,16,0,9,9,-1,0.5664880445612589,1,ÉLEVÉ
USR_ADM_09,2026-05-04,8,1,13,0,0,6,1,0.44358397396295596,0,FAIBLE
USR_ADM_09,2026-05-05,9,0,0,0,0,7,1,0.4141791331325775,0,FAIBLE
USR_ADM_09,2026-05-06,8,0,307,0,0,7,1,0.48038895661986647,0,MOYEN
USR_ADM_09,2026-05-07,6,1,267,0,0,8,1,0.5001882361197911,0,MOYEN
USR_ADM_09,2026-05-08,6,1,0,0,0,7,1,0.4209051604273934,0,FAIBLE
USR_ADM_09,2026-05-09,10,1,16,0,10,9,-1,0.5970405255997941,1,ÉLEVÉ
USR_ADM_09,2026-05-10,8,0,658,0,8,7,-1,0.6374459610615473,1,ÉLEVÉ
USR_ADM_09,2026-05-11,4,1,19,0,0,8,1,0.412094933118799,0,FAIBLE
USR_ADM_09,2026-05-12,5,0,0,0,0,7,1,0.3640358177602871,0,FAIBLE
USR_ADM_09,2026-05-13,11,3,38,0,0,8,-1,0.6080919015515187,1,ÉLEVÉ
USR_ADM_09,2026-05-14,13,2,13,0,0,9,-1,0.6087673771491151,1,ÉLEVÉ
USR_ADM_09,2026-05-15,6,0,0,0,0,8,1,0.36909525018947625,0,FAIBLE
USR_ADM_09,2026-05-16,7,0,5,1,7,15,-1,0.5835561154404153,1,ÉLEVÉ
USR_ADM_09,2026-05-17,3,0,215,1,3,15,-1,0.6054966264385832,1,ÉLEVÉ
USR_ADM_09,2026-05-18,11,0,0,0,0,8,1,0.4501599535548801,0,MOYEN
USR_ADM_09,2026-05-19,5,0,0,0,0,7,1,0.3640358177602871,0,FAIBLE
USR_ADM_09,2026-05-20,5,0,0,0,0,9,1,0.36257024921943276,0,FAIBLE
USR_ADM_09,2026-05-21,7,1,28,0,0,7,1,0.4355293923211894,0,FAIBLE
USR_ADM_09,2026-05-22,1,0,0,0,0,0,1,0.4238445348997394,0,FAIBLE
USR_ADM_09,2026-05-23,5,1,15,0,5,5,1,0.49881421572012724,0,MOYEN
USR_ADM_09,2026-05-24,10,0,3,0,10,10,-1,0.5858351785115846,1,ÉLEVÉ
USR_ADM_09,2026-05-25,11,0,2,0,0,9,1,0.44818908065899443,0,FAIBLE
USR_ADM_09,2026-05-26,12,0,371,0,0,9,-1,0.557930042434952,1,ÉLEVÉ
USR_ADM_09,2026-05-27,9,1,0,0,0,7,1,0.4582599368325657,0,MOYEN
USR_ADM_09,2026-05-28,17,0,0,0,0,8,1,0.5344497502910909,0,MOYEN
USR_ADM_09,2026-05-29,5,0,4,1,0,14,1,0.4615284209340601,0,MOYEN
USR_ADM_10,2026-04-15,7,0,0,0,0,8,1,0.3799253981391445,0,FAIBLE
USR_ADM_10,2026-04-16,9,0,0,0,0,7,1,0.4141791331325775,0,FAIBLE
USR_ADM_10,2026-04-17,8,0,4,1,0,14,1,0.49479027788765373,0,MOYEN
USR_ADM_10,2026-04-18,9,0,218,1,9,14,-1,0.654075286261578,1,ÉLEVÉ
USR_ADM_10,2026-04-19,4,0,1,1,4,13,1,0.5346493505315417,0,MOYEN
USR_ADM_10,2026-04-20,13,2,313,2,0,16,-1,0.7433016710771806,1,CRITIQUE
USR_ADM_10,2026-04-21,5,0,0,0,0,6,1,0.37063143715557983,0,FAIBLE
USR_ADM_10,2026-04-22,7,1,0,0,0,7,1,0.4313320871743149,0,FAIBLE
USR_ADM_10,2026-04-23,7,0,6,2,0,12,-1,0.5960816557994899,1,ÉLEVÉ
USR_ADM_10,2026-04-24,7,1,17,1,0,11,1,0.5328269510758836,0,MOYEN
USR_ADM_10,2026-04-25,6,0,0,0,6,7,1,0.4527631454445898,0,MOYEN
USR_ADM_10,2026-04-26,9,0,3,0,9,9,-1,0.5420493176654324,1,MOYEN
USR_ADM_10,2026-04-27,10,0,0,0,0,8,1,0.42887933363331027,0,FAIBLE
USR_ADM_10,2026-04-28,6,0,418,1,0,15,-1,0.5831994152297324,1,ÉLEVÉ
USR_ADM_10,2026-04-29,12,1,32,2,0,16,-1,0.6670691934905075,1,ÉLEVÉ
USR_ADM_10,2026-04-30,5,0,0,0,0,6,1,0.37063143715557983,0,FAIBLE
USR_ADM_10,2026-05-01,5,1,28,0,0,10,1,0.4328321566771055,0,FAIBLE
USR_ADM_10,2026-05-02,10,1,388,0,10,7,-1,0.6526581481758313,1,ÉLEVÉ
USR_ADM_10,2026-05-03,8,0,0,0,8,7,1,0.5143083137088703,0,MOYEN
USR_ADM_10,2026-05-04,5,1,0,0,0,6,1,0.4274157462571192,0,FAIBLE
USR_ADM_10,2026-05-05,4,0,256,0,0,4,1,0.4677007995452165,0,MOYEN
USR_ADM_10,2026-05-06,3,0,0,0,0,6,1,0.3669194229035397,0,FAIBLE
USR_ADM_10,2026-05-07,7,0,0,0,0,9,1,0.38135700935532424,0,FAIBLE
USR_ADM_10,2026-05-08,10,1,243,0,0,9,1,0.5394878216487068,0,MOYEN
USR_ADM_10,2026-05-09,9,0,0,0,9,9,-1,0.5420777161910882,1,MOYEN
USR_ADM_10,2026-05-10,5,0,0,0,5,9,1,0.4226334249675722,0,FAIBLE
USR_ADM_10,2026-05-11,7,0,0,0,0,8,1,0.3799253981391445,0,FAIBLE
USR_ADM_10,2026-05-12,10,0,0,0,0,8,1,0.42887933363331027,0,FAIBLE
USR_ADM_10,2026-05-13,6,1,31,1,0,14,1,0.5248355427960992,0,MOYEN
USR_ADM_10,2026-05-14,7,0,5,1,0,12,1,0.48419669378671915,0,MOYEN
USR_ADM_10,2026-05-15,11,0,410,0,0,7,-1,0.5500206675242394,1,ÉLEVÉ
USR_ADM_10,2026-05-16,10,1,0,0,10,9,-1,0.596000502438353,1,ÉLEVÉ
USR_ADM_10,2026-05-17,5,1,14,0,5,8,1,0.4766439071276654,0,MOYEN
USR_ADM_10,2026-05-18,8,2,25,0,0,7,1,0.5355355435368317,0,MOYEN
USR_ADM_10,2026-05-19,12,1,0,0,0,8,1,0.5121691301494329,0,MOYEN
USR_ADM_10,2026-05-20,5,0,0,0,0,9,1,0.36257024921943276,0,FAIBLE
USR_ADM_10,2026-05-21,9,0,0,0,0,9,1,0.4117538466943862,0,FAIBLE
USR_ADM_10,2026-05-22,9,1,0,0,0,9,1,0.4551960449698581,0,MOYEN
USR_ADM_10,2026-05-23,7,0,0,0,7,9,1,0.47696692786173617,0,MOYEN
USR_ADM_10,2026-05-24,6,1,19,0,6,7,1,0.5003135604148188,0,MOYEN
USR_ADM_10,2026-05-25,6,1,0,0,0,8,1,0.41822288044846534,0,FAIBLE
USR_ADM_10,2026-05-26,7,1,375,0,0,9,1,0.5313659878507958,0,MOYEN
USR_ADM_10,2026-05-27,11,1,264,0,0,8,-1,0.5534212538294578,1,ÉLEVÉ
USR_ADM_10,2026-05-28,12,0,459,0,0,9,-1,0.5810167725023223,1,ÉLEVÉ
USR_ADM_10,2026-05-29,5,0,3,1,0,14,1,0.4639963476754265,0,MOYEN
USR_INF_01,2026-04-15,3,0,8,0,0,8,1,0.35352823876417006,0,FAIBLE
USR_INF_01,2026-04-16,4,0,8,0,0,12,1,0.3720168400944972,0,FAIBLE
USR_INF_01,2026-04-17,3,0,7,0,0,10,1,0.359885098555542,0,FAIBLE
USR_INF_01,2026-04-18,3,0,7,1,3,14,1,0.5264382264648668,0,MOYEN
USR_INF_01,2026-04-19,10,0,20,0,10,13,-1,0.6095164145706216,1,ÉLEVÉ
USR_INF_01,2026-04-20,3,0,7,0,0,10,1,0.359885098555542,0,FAIBLE
USR_INF_01,2026-04-21,3,0,4,0,0,9,1,0.3552442178481939,0,FAIBLE
USR_INF_01,2026-04-22,4,0,8,0,0,3,1,0.37132953018604825,0,FAIBLE
USR_INF_01,2026-04-23,5,0,8,0,0,7,1,0.35842136230873983,0,FAIBLE
USR_INF_01,2026-04-24,4,0,9,0,0,10,1,0.35800710732798957,0,FAIBLE
USR_INF_01,2026-04-25,2,0,5,0,2,1,1,0.44390750307260346,0,FAIBLE
USR_INF_01,2026-04-26,5,0,8,0,5,11,1,0.4279725161714963,0,FAIBLE
USR_INF_01,2026-04-27,3,0,9,0,0,9,1,0.3551534058841919,0,FAIBLE
USR_INF_01,2026-04-29,5,1,346,1,0,16,-1,0.6088573850214116,1,ÉLEVÉ
USR_INF_01,2026-04-30,3,0,4,0,0,5,1,0.3596428659384328,0,FAIBLE
USR_INF_01,2026-05-01,2,0,5,1,0,9,1,0.5055689932556373,0,MOYEN
USR_INF_01,2026-05-02,3,0,7,0,3,6,1,0.40726696839716686,0,FAIBLE
USR_INF_01,2026-05-03,2,0,5,0,2,0,1,0.47174907221152335,0,MOYEN
USR_INF_01,2026-05-04,5,0,9,0,0,9,1,0.35633296898667427,0,FAIBLE
USR_INF_01,2026-05-05,3,1,23,0,0,10,1,0.4322930323318187,0,FAIBLE
USR_INF_01,2026-05-06,4,0,9,0,0,9,1,0.35273349211496186,0,FAIBLE
USR_INF_01,2026-05-07,2,0,2,0,0,5,1,0.3731766312108229,0,FAIBLE
USR_INF_01,2026-05-08,6,0,17,1,0,19,1,0.5181789142710426,0,MOYEN
USR_INF_01,2026-05-09,2,0,5,0,2,6,1,0.414126174453077,0,FAIBLE
USR_INF_01,2026-05-10,2,0,3,0,2,2,1,0.43451064321659394,0,FAIBLE
USR_INF_01,2026-05-12,6,0,13,0,0,15,1,0.42584593421493766,0,FAIBLE
USR_INF_01,2026-05-13,1,0,1,0,0,0,1,0.41776833668568386,0,FAIBLE
USR_INF_01,2026-05-14,5,0,16,1,0,16,1,0.47032396671399496,0,MOYEN
USR_INF_01,2026-05-15,5,0,12,0,0,6,1,0.3645130413988532,0,FAIBLE
USR_INF_01,2026-05-17,4,0,9,0,4,10,1,0.4087803059393279,0,FAIBLE
USR_INF_01,2026-05-18,6,0,9,0,0,12,1,0.3836658664390187,0,FAIBLE
USR_INF_01,2026-05-19,6,1,26,0,0,12,1,0.44511022854918814,0,FAIBLE
USR_INF_01,2026-05-20,3,0,5,0,0,11,1,0.3690821502101963,0,FAIBLE
USR_INF_01,2026-05-21,3,0,7,0,0,4,1,0.3615032439098497,0,FAIBLE
USR_INF_01,2026-05-22,3,0,7,0,0,9,1,0.35376363784397746,0,FAIBLE
USR_INF_01,2026-05-23,2,0,5,0,2,12,1,0.43891089507334796,0,FAIBLE
USR_INF_01,2026-05-24,2,0,4,0,2,4,1,0.4213614438953988,0,FAIBLE
USR_INF_01,2026-05-25,1,0,2,0,0,0,1,0.41160178371851236,0,FAIBLE
USR_INF_01,2026-05-26,3,1,4,0,0,5,1,0.43033466898377615,0,FAIBLE
USR_INF_01,2026-05-27,2,0,5,0,0,9,1,0.3692258778249543,0,FAIBLE
USR_INF_01,2026-05-28,3,0,9,0,0,4,1,0.36352387293085664,0,FAIBLE
USR_INF_01,2026-05-29,2,0,4,0,0,10,1,0.3747236472148359,0,FAIBLE
USR_INF_02,2026-04-15,3,0,7,0,0,13,1,0.38673518767952764,0,FAIBLE
USR_INF_02,2026-04-16,6,0,14,0,0,12,1,0.38875564570532994,0,FAIBLE
USR_INF_02,2026-04-17,1,0,1,0,0,0,1,0.41776833668568386,0,FAIBLE
USR_INF_02,2026-04-18,5,0,9,0,5,8,1,0.4143932822771526,0,FAIBLE
USR_INF_02,2026-04-19,4,0,10,0,4,6,1,0.41266382337097157,0,FAIBLE
USR_INF_02,2026-04-20,4,0,8,0,0,12,1,0.3720168400944972,0,FAIBLE
USR_INF_02,2026-04-21,5,0,10,0,0,11,1,0.36816605115767637,0,FAIBLE
USR_INF_02,2026-04-22,1,0,2,0,0,0,1,0.41160178371851236,0,FAIBLE
USR_INF_02,2026-04-23,6,0,12,0,0,12,1,0.3824734635701308,0,FAIBLE
USR_INF_02,2026-04-24,1,0,3,0,0,0,1,0.4116720508678029,0,FAIBLE
USR_INF_02,2026-04-25,4,0,8,0,4,4,1,0.4240576217041611,0,FAIBLE
USR_INF_02,2026-04-26,2,0,5,0,2,7,1,0.4107962649608647,0,FAIBLE
USR_INF_02,2026-04-27,4,0,7,0,0,8,1,0.3513433828841314,0,FAIBLE
USR_INF_02,2026-04-28,7,0,17,1,0,20,-1,0.5462491445444683,1,MOYEN
USR_INF_02,2026-04-29,2,0,4,0,0,8,1,0.36813017570866,0,FAIBLE
USR_INF_02,2026-04-30,5,0,6,0,0,13,1,0.3856651924820219,0,FAIBLE
USR_INF_02,2026-05-01,4,0,9,0,0,13,1,0.3804428327158847,0,FAIBLE
USR_INF_02,2026-05-02,2,0,5,0,2,2,1,0.43275361043563015,0,FAIBLE
USR_INF_02,2026-05-03,4,0,9,0,4,13,1,0.4363667434359733,0,FAIBLE
USR_INF_02,2026-05-04,3,0,8,0,0,3,1,0.36815747586618536,0,FAIBLE
USR_INF_02,2026-05-05,2,0,5,0,0,2,1,0.3767627191286141,0,FAIBLE
USR_INF_02,2026-05-06,6,0,15,0,0,12,1,0.38890291692204654,0,FAIBLE
USR_INF_02,2026-05-07,3,0,7,0,0,11,1,0.36705620793486465,0,FAIBLE
USR_INF_02,2026-05-08,3,0,5,0,0,4,1,0.36348298710652166,0,FAIBLE
USR_INF_02,2026-05-09,2,0,4,0,2,5,1,0.41825583704854336,0,FAIBLE
USR_INF_02,2026-05-10,7,0,14,0,7,10,1,0.48447117839860865,0,MOYEN
USR_INF_02,2026-05-11,5,0,10,0,0,9,1,0.3573383643657771,0,FAIBLE
USR_INF_02,2026-05-12,4,0,7,0,0,2,1,0.385885135313693,0,FAIBLE
USR_INF_02,2026-05-13,3,0,7,1,0,15,1,0.48051968169972703,0,MOYEN
USR_INF_02,2026-05-14,4,0,10,0,0,14,1,0.39401537480761634,0,FAIBLE
USR_INF_02,2026-05-15,3,0,423,1,0,18,-1,0.6173585813009344,1,ÉLEVÉ
USR_INF_02,2026-05-16,1,0,3,0,1,0,1,0.45982404324193504,0,MOYEN
USR_INF_02,2026-05-17,4,0,6,0,4,9,1,0.40169007482433017,0,FAIBLE
USR_INF_02,2026-05-18,4,0,6,0,0,5,1,0.3597000974708724,0,FAIBLE
USR_INF_02,2026-05-19,5,0,12,0,0,10,1,0.36284757174934473,0,FAIBLE
USR_INF_02,2026-05-20,2,0,4,0,0,8,1,0.36813017570866,0,FAIBLE
USR_INF_02,2026-05-21,4,1,29,0,0,12,1,0.44990537108024875,0,FAIBLE
USR_INF_02,2026-05-22,5,1,20,0,0,13,1,0.4492226894010515,0,FAIBLE
USR_INF_02,2026-05-23,3,0,4,0,3,8,1,0.40275704148964836,0,FAIBLE
USR_INF_02,2026-05-24,3,0,5,0,3,8,1,0.4009268356246657,0,FAIBLE
USR_INF_02,2026-05-25,2,1,6,0,0,4,1,0.4517948692219481,0,MOYEN
USR_INF_02,2026-05-26,3,0,8,0,0,2,1,0.3807589973357433,0,FAIBLE
USR_INF_02,2026-05-27,4,0,6,0,0,9,1,0.35195899606060804,0,FAIBLE
USR_INF_02,2026-05-29,2,0,3,0,0,3,1,0.3755264918273999,0,FAIBLE
USR_INF_03,2026-04-15,5,0,9,0,0,12,1,0.37483401323930315,0,FAIBLE
USR_INF_03,2026-04-16,12,1,39,1,0,17,-1,0.608510232393637,1,ÉLEVÉ
USR_INF_03,2026-04-17,3,0,5,0,0,7,1,0.3548367297536908,0,FAIBLE
USR_INF_03,2026-04-18,3,0,6,0,3,12,1,0.42834830259150286,0,FAIBLE
USR_INF_03,2026-04-19,6,0,435,0,6,10,-1,0.5721586426974836,1,ÉLEVÉ
USR_INF_03,2026-04-20,2,0,4,0,0,7,1,0.3682012091658262,0,FAIBLE
USR_INF_03,2026-04-21,4,0,9,0,0,9,1,0.35273349211496186,0,FAIBLE
USR_INF_03,2026-04-22,6,0,11,0,0,13,1,0.3915835129542696,0,FAIBLE
USR_INF_03,2026-04-23,3,0,4,0,0,10,1,0.36090520889904465,0,FAIBLE
USR_INF_03,2026-04-24,8,0,20,0,0,14,1,0.4556584245624817,0,MOYEN
USR_INF_03,2026-04-25,3,0,3,0,3,11,1,0.42426996623677277,0,FAIBLE
USR_INF_03,2026-04-26,6,0,12,0,6,10,1,0.4516675639667377,0,MOYEN
USR_INF_03,2026-04-27,3,1,31,0,0,7,1,0.43170510459818723,0,FAIBLE
USR_INF_03,2026-04-29,5,0,12,0,0,12,1,0.3756807974932663,0,FAIBLE
USR_INF_03,2026-04-30,5,0,8,0,0,14,1,0.3967640638230832,0,FAIBLE
USR_INF_03,2026-05-01,4,0,10,0,0,3,1,0.3752594581462477,0,FAIBLE
USR_INF_03,2026-05-02,2,0,3,0,2,1,1,0.4455532318815877,0,FAIBLE
USR_INF_03,2026-05-03,4,0,7,0,4,14,1,0.44930658085638603,0,FAIBLE
USR_INF_03,2026-05-04,3,0,8,0,0,2,1,0.3807589973357433,0,FAIBLE
USR_INF_03,2026-05-05,5,0,9,0,0,14,1,0.3951320571414849,0,FAIBLE
USR_INF_03,2026-05-06,1,0,2,0,0,0,1,0.41160178371851236,0,FAIBLE
USR_INF_03,2026-05-07,2,0,4,0,0,5,1,0.36872584235556594,0,FAIBLE
USR_INF_03,2026-05-08,5,1,8,1,0,18,-1,0.5472826839326436,1,MOYEN
USR_INF_03,2026-05-09,7,0,15,2,7,19,-1,0.6771115688800607,1,ÉLEVÉ
USR_INF_03,2026-05-10,2,0,3,0,2,9,1,0.4153993705600427,0,FAIBLE
USR_INF_03,2026-05-11,5,0,14,0,0,14,1,0.40278541088269854,0,FAIBLE
USR_INF_03,2026-05-12,3,0,8,0,0,6,1,0.3566133792958053,0,FAIBLE
USR_INF_03,2026-05-13,1,0,3,0,0,0,1,0.4116720508678029,0,FAIBLE
USR_INF_03,2026-05-14,3,0,5,0,0,11,1,0.3690821502101963,0,FAIBLE
USR_INF_03,2026-05-15,4,0,5,0,0,3,1,0.3717175828452078,0,FAIBLE
USR_INF_03,2026-05-16,4,1,27,0,4,11,1,0.49274604327928495,0,MOYEN
USR_INF_03,2026-05-17,4,0,11,0,4,11,1,0.41215235038833,0,FAIBLE
USR_INF_03,2026-05-18,4,0,10,0,0,10,1,0.3594530322117782,0,FAIBLE
USR_INF_03,2026-05-19,5,1,31,0,0,13,1,0.46030316953697015,0,MOYEN
USR_INF_03,2026-05-20,2,0,3,0,0,11,1,0.3872907173728576,0,FAIBLE
USR_INF_03,2026-05-21,2,0,5,0,0,8,1,0.36795020399155715,0,FAIBLE
USR_INF_03,2026-05-22,3,0,8,0,0,9,1,0.3542886565040564,0,FAIBLE
USR_INF_03,2026-05-23,2,0,6,0,2,3,1,0.427551903095529,0,FAIBLE
USR_INF_03,2026-05-24,4,0,8,0,4,10,1,0.40651007632627584,0,FAIBLE
USR_INF_03,2026-05-25,5,0,7,0,0,14,1,0.39799172676219585,0,FAIBLE
USR_INF_03,2026-05-26,7,0,16,0,0,12,1,0.4037747795052356,0,FAIBLE
USR_INF_03,2026-05-27,1,0,1,0,0,0,1,0.41776833668568386,0,FAIBLE
USR_INF_03,2026-05-28,5,0,12,0,0,7,1,0.3603461112137457,0,FAIBLE
USR_INF_03,2026-05-29,6,0,15,0,0,13,1,0.3971693236197223,0,FAIBLE
USR_INF_04,2026-04-15,2,0,5,0,0,2,1,0.3767627191286141,0,FAIBLE
USR_INF_04,2026-04-16,3,0,6,0,0,8,1,0.3531492269847438,0,FAIBLE
USR_INF_04,2026-04-17,1,0,2,0,0,0,1,0.41160178371851236,0,FAIBLE
USR_INF_04,2026-04-18,3,0,8,0,3,5,1,0.41360288940891304,0,FAIBLE
USR_INF_04,2026-04-20,3,0,7,0,0,3,1,0.36737542551525715,0,FAIBLE
USR_INF_04,2026-04-21,3,0,10,1,0,17,1,0.4908441011649438,0,MOYEN
USR_INF_04,2026-04-22,5,0,9,0,0,8,1,0.35662115010390977,0,FAIBLE
USR_INF_04,2026-04-23,4,0,7,0,0,14,1,0.3945060217396941,0,FAIBLE
USR_INF_04,2026-04-25,5,1,10,0,5,8,1,0.4755446788894935,0,MOYEN
USR_INF_04,2026-04-26,5,1,23,0,5,8,1,0.48072420803527904,0,MOYEN
USR_INF_04,2026-04-27,4,2,31,0,0,10,1,0.5205752997816867,0,MOYEN
USR_INF_04,2026-04-28,5,0,12,0,0,13,1,0.3824120882522929,0,FAIBLE
USR_INF_04,2026-04-29,4,0,433,0,0,12,1,0.5190236010531487,0,MOYEN
USR_INF_04,2026-04-30,1,1,2,0,0,0,1,0.5120689638388995,0,MOYEN
USR_INF_04,2026-05-01,6,0,10,0,0,13,1,0.39249473110604416,0,FAIBLE
USR_INF_04,2026-05-02,2,0,4,0,2,0,1,0.4717292760353455,0,MOYEN
USR_INF_04,2026-05-03,5,0,12,1,5,18,-1,0.5590446604099897,1,ÉLEVÉ
USR_INF_04,2026-05-04,1,0,1,0,0,0,1,0.41776833668568386,0,FAIBLE
USR_INF_04,2026-05-05,3,0,5,0,0,11,1,0.3690821502101963,0,FAIBLE
USR_INF_04,2026-05-06,3,0,8,0,0,1,1,0.39594632991868334,0,FAIBLE
USR_INF_04,2026-05-07,4,0,9,0,0,9,1,0.35273349211496186,0,FAIBLE
USR_INF_04,2026-05-08,2,0,4,0,0,2,1,0.37790597858356395,0,FAIBLE
USR_INF_04,2026-05-09,7,1,38,0,7,8,1,0.5389294983959195,0,MOYEN
USR_INF_04,2026-05-10,5,1,9,0,5,7,1,0.480318848798686,0,MOYEN
USR_INF_04,2026-05-11,4,0,7,0,0,6,1,0.3562780484107973,0,FAIBLE
USR_INF_04,2026-05-12,4,0,7,0,0,14,1,0.3945060217396941,0,FAIBLE
USR_INF_04,2026-05-13,3,0,4,0,0,9,1,0.3552442178481939,0,FAIBLE
USR_INF_04,2026-05-14,4,0,8,0,0,12,1,0.3720168400944972,0,FAIBLE
USR_INF_04,2026-05-15,2,1,16,0,0,5,1,0.4436483065318844,0,FAIBLE
USR_INF_04,2026-05-16,7,0,12,0,7,8,1,0.4751315040802175,0,MOYEN
USR_INF_04,2026-05-17,4,0,9,0,4,9,1,0.4022592941885479,0,FAIBLE
USR_INF_04,2026-05-18,3,0,6,0,0,6,1,0.3570356162477254,0,FAIBLE
USR_INF_04,2026-05-19,4,0,8,0,0,10,1,0.35716046687045255,0,FAIBLE
USR_INF_04,2026-05-20,3,0,444,0,0,11,1,0.5232397729919703,0,MOYEN
USR_INF_04,2026-05-21,5,0,9,0,0,12,1,0.37483401323930315,0,FAIBLE
USR_INF_04,2026-05-22,3,0,4,0,0,13,1,0.3910916681371294,0,FAIBLE
USR_INF_04,2026-05-23,3,0,4,0,3,14,1,0.4581205742702587,0,MOYEN
USR_INF_04,2026-05-24,3,0,6,0,3,9,1,0.3997963229431747,0,FAIBLE
USR_INF_04,2026-05-25,4,0,8,0,0,6,1,0.35689780171967395,0,FAIBLE
USR_INF_04,2026-05-26,2,0,4,0,0,2,1,0.37790597858356395,0,FAIBLE
USR_INF_04,2026-05-27,4,0,6,0,0,9,1,0.35195899606060804,0,FAIBLE
USR_INF_04,2026-05-28,7,0,497,0,0,11,1,0.5403237186621123,0,MOYEN
USR_INF_04,2026-05-29,1,0,2,0,0,0,1,0.41160178371851236,0,FAIBLE
USR_INF_05,2026-04-15,2,0,2,0,0,3,1,0.3759133768853762,0,FAIBLE
USR_INF_05,2026-04-16,6,0,17,0,0,14,1,0.41165411312726646,0,FAIBLE
USR_INF_05,2026-04-17,7,1,394,0,0,10,-1,0.5471994056150784,1,MOYEN
USR_INF_05,2026-04-18,7,0,16,0,7,14,1,0.5231337426095973,0,MOYEN
USR_INF_05,2026-04-19,4,0,8,0,4,13,1,0.43436154074269495,0,FAIBLE
USR_INF_05,2026-04-20,3,0,6,0,0,11,1,0.3672238752130906,0,FAIBLE
USR_INF_05,2026-04-21,13,1,321,0,0,9,-1,0.5994737103093245,1,ÉLEVÉ
USR_INF_05,2026-04-22,2,0,4,0,0,1,1,0.38802349371548617,0,FAIBLE
USR_INF_05,2026-04-23,3,0,7,0,0,10,1,0.359885098555542,0,FAIBLE
USR_INF_05,2026-04-24,3,0,8,1,0,7,1,0.48594477204777603,0,MOYEN
USR_INF_05,2026-04-25,4,0,6,0,4,5,1,0.4193074774760086,0,FAIBLE
USR_INF_05,2026-04-26,7,1,496,0,7,8,-1,0.6169284552783796,1,ÉLEVÉ
USR_INF_05,2026-04-27,8,0,15,0,0,15,1,0.462597216615433,0,MOYEN
USR_INF_05,2026-04-28,6,0,261,0,0,13,1,0.48400955229480735,0,MOYEN
USR_INF_05,2026-04-29,6,0,471,0,0,7,1,0.5146868881788597,0,MOYEN
USR_INF_05,2026-04-30,4,0,465,0,0,11,1,0.5172352389148769,0,MOYEN
USR_INF_05,2026-05-01,5,0,10,2,0,19,-1,0.6156290331180074,1,ÉLEVÉ
USR_INF_05,2026-05-02,6,0,10,0,6,15,1,0.5096416199430648,0,MOYEN
USR_INF_05,2026-05-03,3,0,7,0,3,2,1,0.4440044787917087,0,FAIBLE
USR_INF_05,2026-05-04,4,0,6,0,0,11,1,0.3626969082556895,0,FAIBLE
USR_INF_05,2026-05-05,3,0,7,0,0,1,1,0.3952389337244025,0,FAIBLE
USR_INF_05,2026-05-06,3,0,5,0,0,10,1,0.3609990000185339,0,FAIBLE
USR_INF_05,2026-05-07,5,0,15,0,0,12,1,0.38264988363392227,0,FAIBLE
USR_INF_05,2026-05-08,4,0,8,0,0,4,1,0.3636787776934895,0,FAIBLE
USR_INF_05,2026-05-09,5,0,8,1,5,18,-1,0.5611202733220177,1,ÉLEVÉ
USR_INF_05,2026-05-10,4,0,8,0,4,8,1,0.3999383187128731,0,FAIBLE
USR_INF_05,2026-05-11,3,0,7,0,0,11,1,0.36705620793486465,0,FAIBLE
USR_INF_05,2026-05-12,5,1,10,0,0,8,1,0.4096081898316033,0,FAIBLE
USR_INF_05,2026-05-13,4,0,7,1,0,17,1,0.47668499734862135,0,MOYEN
USR_INF_05,2026-05-14,1,0,201,0,0,0,1,0.5406412530874437,0,MOYEN
USR_INF_05,2026-05-15,6,0,10,0,0,15,1,0.4258131314680546,0,FAIBLE
USR_INF_05,2026-05-16,2,0,5,0,2,1,1,0.44390750307260346,0,FAIBLE
USR_INF_05,2026-05-17,4,0,11,0,4,10,1,0.4091737117959523,0,FAIBLE
USR_INF_05,2026-05-18,4,0,7,1,0,18,1,0.49852950685506914,0,MOYEN
USR_INF_05,2026-05-19,2,0,3,0,0,3,1,0.3755264918273999,0,FAIBLE
USR_INF_05,2026-05-20,5,0,12,1,0,14,1,0.45238167339855156,0,MOYEN
USR_INF_05,2026-05-21,8,0,21,1,0,20,-1,0.5665749219868189,1,ÉLEVÉ
USR_INF_05,2026-05-22,4,0,6,0,0,10,1,0.3566208743561013,0,FAIBLE
USR_INF_05,2026-05-23,5,0,7,0,5,11,1,0.4279725161714963,0,FAIBLE
USR_INF_05,2026-05-24,6,1,11,0,6,7,1,0.4991756822836028,0,MOYEN
USR_INF_05,2026-05-25,5,0,7,0,0,9,1,0.35617085261084624,0,FAIBLE
USR_INF_05,2026-05-26,1,0,1,1,0,0,1,0.5345267555371692,0,MOYEN
USR_INF_05,2026-05-27,2,1,30,0,0,1,1,0.4991600611873336,0,MOYEN
USR_INF_05,2026-05-28,5,0,10,0,0,10,1,0.36267424195500897,0,FAIBLE
USR_INF_05,2026-05-29,5,0,9,0,0,9,1,0.35633296898667427,0,FAIBLE
USR_INF_06,2026-04-15,6,0,13,1,0,15,1,0.4652900568375836,0,MOYEN
USR_INF_06,2026-04-17,3,0,8,0,0,14,1,0.3972488096690369,0,FAIBLE
USR_INF_06,2026-04-18,1,0,2,0,1,0,1,0.46306085253922974,0,MOYEN
USR_INF_06,2026-04-19,1,0,3,0,1,0,1,0.45982404324193504,0,MOYEN
USR_INF_06,2026-04-20,3,0,6,0,0,13,1,0.3874357570114578,0,FAIBLE
USR_INF_06,2026-04-21,4,0,252,0,0,6,1,0.4544700619841572,0,MOYEN
USR_INF_06,2026-04-22,2,0,4,0,0,2,1,0.37790597858356395,0,FAIBLE
USR_INF_06,2026-04-23,4,1,16,0,0,4,1,0.43354048186810207,0,FAIBLE
USR_INF_06,2026-04-24,2,0,5,0,0,2,1,0.3767627191286141,0,FAIBLE
USR_INF_06,2026-04-25,3,1,24,0,3,2,1,0.5378516737309098,0,MOYEN
USR_INF_06,2026-04-26,3,0,6,0,3,10,1,0.4091086804792856,0,FAIBLE
USR_INF_06,2026-04-27,6,0,427,0,0,6,1,0.5054438226398766,0,MOYEN
USR_INF_06,2026-04-28,1,0,3,0,0,0,1,0.4116720508678029,0,FAIBLE
USR_INF_06,2026-04-29,6,0,13,0,0,14,1,0.40590482020642993,0,FAIBLE
USR_INF_06,2026-04-30,4,0,7,0,0,0,1,0.43002175341444177,0,FAIBLE
USR_INF_06,2026-05-01,8,2,42,0,0,11,-1,0.5634032779196947,1,ÉLEVÉ
USR_INF_06,2026-05-02,2,0,8,1,2,6,-1,0.5469696040483988,1,MOYEN
USR_INF_06,2026-05-03,3,0,5,0,3,5,1,0.4160377628481738,0,FAIBLE
USR_INF_06,2026-05-04,2,0,6,0,0,1,1,0.38865109566523864,0,FAIBLE
USR_INF_06,2026-05-05,3,0,390,0,0,6,1,0.4893236507694096,0,MOYEN
USR_INF_06,2026-05-06,1,0,2,0,0,0,1,0.41160178371851236,0,FAIBLE
USR_INF_06,2026-05-07,1,0,2,0,0,0,1,0.41160178371851236,0,FAIBLE
USR_INF_06,2026-05-08,6,1,24,0,0,11,1,0.4326446579130385,0,FAIBLE
USR_INF_06,2026-05-09,10,0,498,0,10,13,-1,0.6739078756536893,1,ÉLEVÉ
USR_INF_06,2026-05-10,5,0,350,1,5,19,-1,0.63710766180596,1,ÉLEVÉ
USR_INF_06,2026-05-11,5,1,28,0,0,8,1,0.41979093211910357,0,FAIBLE
USR_INF_06,2026-05-13,2,0,6,0,0,6,1,0.36723978517007766,0,FAIBLE
USR_INF_06,2026-05-14,7,0,19,1,0,11,1,0.5002097135923894,0,MOYEN
USR_INF_06,2026-05-15,3,0,8,0,0,11,1,0.3676009540247627,0,FAIBLE
USR_INF_06,2026-05-16,1,0,3,0,1,0,1,0.45982404324193504,0,MOYEN
USR_INF_06,2026-05-17,2,0,5,0,2,11,1,0.4284363313680421,0,FAIBLE
USR_INF_06,2026-05-18,5,0,7,0,0,9,1,0.35617085261084624,0,FAIBLE
USR_INF_06,2026-05-19,5,1,17,0,0,7,1,0.4123615053187523,0,FAIBLE
USR_INF_06,2026-05-20,6,0,13,0,0,12,1,0.3848738284743674,0,FAIBLE
USR_INF_06,2026-05-21,9,0,660,0,0,14,-1,0.61732020772823,1,ÉLEVÉ
USR_INF_06,2026-05-22,4,0,8,0,0,11,1,0.36249872859460375,0,FAIBLE
USR_INF_06,2026-05-23,4,0,8,1,4,9,1,0.5314913515362016,0,MOYEN
USR_INF_06,2026-05-24,3,0,413,0,3,7,1,0.5399073383696578,0,MOYEN
USR_INF_06,2026-05-25,3,0,6,0,0,12,1,0.38058599247072644,0,FAIBLE
USR_INF_06,2026-05-26,5,0,259,0,0,8,1,0.4429716115815118,0,FAIBLE
USR_INF_06,2026-05-27,5,0,9,0,0,10,1,0.36188620358067375,0,FAIBLE
USR_INF_06,2026-05-28,5,0,10,0,0,12,1,0.37550133735508345,0,FAIBLE
USR_INF_06,2026-05-29,3,0,7,0,0,11,1,0.36705620793486465,0,FAIBLE
USR_INF_07,2026-04-15,2,0,4,0,0,11,1,0.38429049840612295,0,FAIBLE
USR_INF_07,2026-04-16,3,0,7,0,0,6,1,0.3560966999032762,0,FAIBLE
USR_INF_07,2026-04-17,5,0,9,0,0,8,1,0.35662115010390977,0,FAIBLE
USR_INF_07,2026-04-18,4,0,10,0,4,10,1,0.40938486903898447,0,FAIBLE
USR_INF_07,2026-04-19,1,0,2,0,1,0,1,0.46306085253922974,0,MOYEN
USR_INF_07,2026-04-20,3,0,6,0,0,8,1,0.3531492269847438,0,FAIBLE
USR_INF_07,2026-04-21,4,0,6,0,0,3,1,0.3704858846359094,0,FAIBLE
USR_INF_07,2026-04-22,1,0,3,0,0,0,1,0.4116720508678029,0,FAIBLE
USR_INF_07,2026-04-23,4,1,6,0,0,10,1,0.42463965861850367,0,FAIBLE
USR_INF_07,2026-04-24,1,0,1,0,0,0,1,0.41776833668568386,0,FAIBLE
USR_INF_07,2026-04-25,1,0,1,0,1,0,1,0.4689762966836789,0,MOYEN
USR_INF_07,2026-04-26,7,0,14,0,7,10,1,0.48447117839860865,0,MOYEN
USR_INF_07,2026-04-27,1,0,2,0,0,0,1,0.41160178371851236,0,FAIBLE
USR_INF_07,2026-04-28,1,1,30,0,0,0,-1,0.546066015207759,1,MOYEN
USR_INF_07,2026-04-29,1,0,1,0,0,0,1,0.41776833668568386,0,FAIBLE
USR_INF_07,2026-04-30,6,1,28,0,0,10,1,0.4351156904726334,0,FAIBLE
USR_INF_07,2026-05-01,6,0,428,0,0,11,1,0.5077924271665355,0,MOYEN
USR_INF_07,2026-05-02,3,0,6,0,3,4,1,0.4190661991558401,0,FAIBLE
USR_INF_07,2026-05-03,4,0,8,0,4,4,1,0.4240576217041611,0,FAIBLE
USR_INF_07,2026-05-04,1,0,2,0,0,0,1,0.41160178371851236,0,FAIBLE
USR_INF_07,2026-05-05,1,0,2,0,0,0,1,0.41160178371851236,0,FAIBLE
USR_INF_07,2026-05-06,2,0,3,0,0,1,1,0.39028028290465955,0,FAIBLE
USR_INF_07,2026-05-07,4,0,11,0,0,8,1,0.35474758972159226,0,FAIBLE
USR_INF_07,2026-05-08,3,0,4,0,0,8,1,0.35442890909764624,0,FAIBLE
USR_INF_07,2026-05-09,5,0,10,0,5,10,1,0.4238833913099108,0,FAIBLE
USR_INF_07,2026-05-10,2,0,5,0,2,8,1,0.4107983232860295,0,FAIBLE
USR_INF_07,2026-05-11,3,0,6,0,0,9,1,0.35398597231153184,0,FAIBLE
USR_INF_07,2026-05-12,2,0,4,0,0,2,1,0.37790597858356395,0,FAIBLE
USR_INF_07,2026-05-13,4,0,460,1,0,16,-1,0.5986722785907875,1,ÉLEVÉ
USR_INF_07,2026-05-14,4,0,4,0,0,6,1,0.3588840044792621,0,FAIBLE
USR_INF_07,2026-05-15,5,0,11,0,0,14,1,0.3960713306039536,0,FAIBLE
USR_INF_07,2026-05-16,3,0,4,0,3,6,1,0.4115693250488223,0,FAIBLE
USR_INF_07,2026-05-17,5,0,8,0,5,13,1,0.4491420031586587,0,FAIBLE
USR_INF_07,2026-05-18,6,0,11,0,0,7,1,0.36797104930797003,0,FAIBLE
USR_INF_07,2026-05-19,4,0,292,0,0,8,1,0.4466248165970123,0,FAIBLE
USR_INF_07,2026-05-20,4,0,6,0,0,10,1,0.3566208743561013,0,FAIBLE
USR_INF_07,2026-05-21,6,0,12,0,0,12,1,0.3824734635701308,0,FAIBLE
USR_INF_07,2026-05-22,2,0,4,0,0,1,1,0.38802349371548617,0,FAIBLE
USR_INF_07,2026-05-23,4,0,6,0,4,6,1,0.41125116000701667,0,FAIBLE
USR_INF_07,2026-05-24,5,0,12,0,5,11,1,0.4250591624535259,0,FAIBLE
USR_INF_07,2026-05-25,2,0,248,0,0,4,1,0.4879634691578102,0,MOYEN
USR_INF_07,2026-05-26,4,0,4,0,0,8,1,0.35244223016651893,0,FAIBLE
USR_INF_07,2026-05-27,4,0,9,0,0,10,1,0.35800710732798957,0,FAIBLE
USR_INF_07,2026-05-28,5,0,12,0,0,10,1,0.36284757174934473,0,FAIBLE
USR_INF_07,2026-05-29,4,0,11,1,0,18,1,0.4991491315484455,0,MOYEN
USR_INF_08,2026-04-15,3,0,3,0,0,2,1,0.38306768090479726,0,FAIBLE
USR_INF_08,2026-04-16,7,1,12,0,0,14,1,0.47479177587659,0,MOYEN
USR_INF_08,2026-04-17,2,0,3,0,0,2,1,0.379764058432513,0,FAIBLE
USR_INF_08,2026-04-18,2,0,4,0,2,14,1,0.46227759195883067,0,MOYEN
USR_INF_08,2026-04-19,4,0,10,0,4,5,1,0.4207716957401205,0,FAIBLE
USR_INF_08,2026-04-20,5,0,12,0,0,8,1,0.35807381267840316,0,FAIBLE
USR_INF_08,2026-04-21,5,1,32,0,0,13,1,0.46030316953697015,0,MOYEN
USR_INF_08,2026-04-22,6,0,15,0,0,11,1,0.3817074369391162,0,FAIBLE
USR_INF_08,2026-04-23,2,0,6,0,0,8,1,0.36679656648432646,0,FAIBLE
USR_INF_08,2026-04-24,4,0,6,0,0,9,1,0.35195899606060804,0,FAIBLE
USR_INF_08,2026-04-25,2,0,2,0,2,7,1,0.41717701254792033,0,FAIBLE
USR_INF_08,2026-04-26,7,0,480,1,7,14,-1,0.6476310396393906,1,ÉLEVÉ
USR_INF_08,2026-04-27,3,0,8,0,0,5,1,0.35680180627264835,0,FAIBLE
USR_INF_08,2026-04-28,1,0,3,0,0,0,1,0.4116720508678029,0,FAIBLE
USR_INF_08,2026-04-29,3,0,8,1,0,17,1,0.4899382452024614,0,MOYEN
USR_INF_08,2026-04-30,3,0,5,0,0,3,1,0.3688275020056756,0,FAIBLE
USR_INF_08,2026-05-01,1,0,3,0,0,0,1,0.4116720508678029,0,FAIBLE
USR_INF_08,2026-05-02,1,0,2,0,1,0,1,0.46306085253922974,0,MOYEN
USR_INF_08,2026-05-04,5,0,469,0,0,15,-1,0.5572073207797829,1,ÉLEVÉ
USR_INF_08,2026-05-05,6,1,285,0,0,11,1,0.5222226764560415,0,MOYEN
USR_INF_08,2026-05-06,6,0,14,0,0,14,1,0.4098009564499426,0,FAIBLE
USR_INF_08,2026-05-07,3,1,24,0,0,11,1,0.4387184270248183,0,FAIBLE
USR_INF_08,2026-05-08,3,0,6,0,0,10,1,0.35968474973267345,0,FAIBLE
USR_INF_08,2026-05-09,1,0,2,0,1,0,1,0.46306085253922974,0,MOYEN
USR_INF_08,2026-05-10,3,0,4,0,3,10,1,0.4122272115885297,0,FAIBLE
USR_INF_08,2026-05-11,4,0,8,0,0,13,1,0.38056993652191196,0,FAIBLE
USR_INF_08,2026-05-12,4,0,9,0,0,4,1,0.36482958625352774,0,FAIBLE
USR_INF_08,2026-05-13,5,1,8,0,0,11,1,0.43164237846366094,0,FAIBLE
USR_INF_08,2026-05-14,4,0,9,0,0,11,1,0.36323512253197454,0,FAIBLE
USR_INF_08,2026-05-15,4,1,28,0,0,11,1,0.43850585783596524,0,FAIBLE
USR_INF_08,2026-05-16,8,0,17,0,8,12,1,0.5305521639628641,0,MOYEN
USR_INF_08,2026-05-17,3,0,262,0,3,7,1,0.5149447916988451,0,MOYEN
USR_INF_08,2026-05-18,1,0,3,0,0,0,1,0.4116720508678029,0,FAIBLE
USR_INF_08,2026-05-19,6,1,29,1,0,14,1,0.5246054460121512,0,MOYEN
USR_INF_08,2026-05-20,2,0,4,0,0,10,1,0.3747236472148359,0,FAIBLE
USR_INF_08,2026-05-21,4,0,11,0,0,10,1,0.3595638211956454,0,FAIBLE
USR_INF_08,2026-05-22,2,0,4,0,0,4,1,0.3714414387852892,0,FAIBLE
USR_INF_08,2026-05-23,3,0,3,0,3,2,1,0.44867211269328316,0,FAIBLE
USR_INF_08,2026-05-24,3,0,5,0,3,6,1,0.4091265330159324,0,FAIBLE
USR_INF_08,2026-05-25,3,0,7,0,0,6,1,0.3560966999032762,0,FAIBLE
USR_INF_08,2026-05-26,6,1,13,1,0,19,-1,0.558252133449255,1,ÉLEVÉ
USR_INF_08,2026-05-27,6,0,12,0,0,15,1,0.423257619281666,0,FAIBLE
USR_INF_08,2026-05-28,4,0,5,0,0,11,1,0.3644253759872683,0,FAIBLE
USR_INF_08,2026-05-29,3,1,6,0,0,13,1,0.4553325332957446,0,MOYEN
USR_INF_09,2026-04-15,1,0,2,0,0,0,1,0.41160178371851236,0,FAIBLE
USR_INF_09,2026-04-16,2,0,4,1,0,6,1,0.5107804008066488,0,MOYEN
USR_INF_09,2026-04-18,2,0,4,0,2,4,1,0.4213614438953988,0,FAIBLE
USR_INF_09,2026-04-19,3,0,5,0,3,7,1,0.402673805601348,0,FAIBLE
USR_INF_09,2026-04-20,4,0,8,0,0,13,1,0.38056993652191196,0,FAIBLE
USR_INF_09,2026-04-21,4,0,8,1,0,13,1,0.45564079762931514,0,MOYEN
USR_INF_09,2026-04-22,2,0,4,0,0,3,1,0.3735124320059817,0,FAIBLE
USR_INF_09,2026-04-23,5,1,24,0,0,7,1,0.41443971068623947,0,FAIBLE
USR_INF_09,2026-04-24,6,1,20,0,0,12,1,0.4407228128229035,0,FAIBLE
USR_INF_09,2026-04-25,1,0,3,0,1,0,1,0.45982404324193504,0,MOYEN
USR_INF_09,2026-04-26,4,0,7,0,4,13,1,0.4360916439520822,0,FAIBLE
USR_INF_09,2026-04-27,3,1,17,0,0,3,1,0.4515585871117203,0,MOYEN
USR_INF_09,2026-04-28,3,0,8,1,0,13,1,0.4671667810931596,0,MOYEN
USR_INF_09,2026-04-29,4,2,425,0,0,7,-1,0.6138538285039064,1,ÉLEVÉ
USR_INF_09,2026-04-30,3,0,6,0,0,7,1,0.35339927853644215,0,FAIBLE
USR_INF_09,2026-05-01,3,0,310,0,0,8,1,0.46322618140845206,0,MOYEN
USR_INF_09,2026-05-02,3,0,6,0,3,9,1,0.3997963229431747,0,FAIBLE
USR_INF_09,2026-05-03,2,0,4,0,2,2,1,0.43360263034498014,0,FAIBLE
USR_INF_09,2026-05-04,3,0,7,0,0,5,1,0.35628485387764214,0,FAIBLE
USR_INF_09,2026-05-05,1,0,2,0,0,0,1,0.41160178371851236,0,FAIBLE
USR_INF_09,2026-05-06,2,0,4,0,0,11,1,0.38429049840612295,0,FAIBLE
USR_INF_09,2026-05-07,5,0,8,0,0,9,1,0.3567771949037824,0,FAIBLE
USR_INF_09,2026-05-08,3,0,6,0,0,8,1,0.3531492269847438,0,FAIBLE
USR_INF_09,2026-05-09,3,0,6,0,3,12,1,0.42834830259150286,0,FAIBLE
USR_INF_09,2026-05-10,1,0,2,0,1,0,1,0.46306085253922974,0,MOYEN
USR_INF_09,2026-05-11,4,0,6,0,0,12,1,0.3739013009979995,0,FAIBLE
USR_INF_09,2026-05-12,4,1,35,0,0,15,1,0.5029353998690173,0,MOYEN
USR_INF_09,2026-05-13,7,2,33,0,0,15,-1,0.5840228658636188,1,ÉLEVÉ
USR_INF_09,2026-05-14,4,0,5,0,0,11,1,0.3644253759872683,0,FAIBLE
USR_INF_09,2026-05-15,2,1,29,0,0,2,1,0.4869747127818528,0,MOYEN
USR_INF_09,2026-05-16,3,1,16,0,3,1,-1,0.5451104958905421,1,MOYEN
USR_INF_09,2026-05-17,1,0,2,0,1,0,1,0.46306085253922974,0,MOYEN
USR_INF_09,2026-05-18,3,0,5,0,0,13,1,0.3899043362220257,0,FAIBLE
USR_INF_09,2026-05-19,2,0,6,1,0,12,1,0.49663196260868936,0,MOYEN
USR_INF_09,2026-05-20,2,0,4,0,0,2,1,0.37790597858356395,0,FAIBLE
USR_INF_09,2026-05-21,2,0,5,0,0,2,1,0.3767627191286141,0,FAIBLE
USR_INF_09,2026-05-22,2,0,5,0,0,11,1,0.3837060615478682,0,FAIBLE
USR_INF_09,2026-05-23,6,0,14,0,6,11,1,0.4607096030637983,0,MOYEN
USR_INF_09,2026-05-24,2,1,22,0,2,1,-1,0.5475361453638165,1,MOYEN
USR_INF_09,2026-05-25,4,0,12,0,0,12,1,0.37382530097251754,0,FAIBLE
USR_INF_09,2026-05-26,3,0,6,0,0,4,1,0.36162950051684684,0,FAIBLE
USR_INF_09,2026-05-27,9,1,15,0,0,13,1,0.4875012879073309,0,MOYEN
USR_INF_09,2026-05-28,1,0,1,0,0,0,1,0.41776833668568386,0,FAIBLE
USR_INF_09,2026-05-29,4,0,336,0,0,5,1,0.47174959813054673,0,MOYEN
USR_INF_10,2026-04-16,4,1,32,0,0,6,1,0.43215654159619593,0,FAIBLE
USR_INF_10,2026-04-17,6,0,15,1,0,16,1,0.47310904707801826,0,MOYEN
USR_INF_10,2026-04-18,3,1,27,0,3,8,1,0.4885715574701151,0,MOYEN
USR_INF_10,2026-04-19,2,0,4,0,2,3,1,0.42764931836318393,0,FAIBLE
USR_INF_10,2026-04-20,2,0,6,0,0,3,1,0.37163676499708725,0,FAIBLE
USR_INF_10,2026-04-21,5,0,10,0,0,12,1,0.37550133735508345,0,FAIBLE
USR_INF_10,2026-04-22,1,0,3,0,0,0,1,0.4116720508678029,0,FAIBLE
USR_INF_10,2026-04-23,4,0,6,0,0,5,1,0.3597000974708724,0,FAIBLE
USR_INF_10,2026-04-24,4,0,9,0,0,6,1,0.35698952366467984,0,FAIBLE
USR_INF_10,2026-04-25,2,0,4,0,2,6,1,0.41538372196824747,0,FAIBLE
USR_INF_10,2026-04-26,1,0,3,0,1,0,1,0.45982404324193504,0,MOYEN
USR_INF_10,2026-04-27,1,0,3,0,0,0,1,0.4116720508678029,0,FAIBLE
USR_INF_10,2026-04-28,5,2,8,0,0,8,1,0.5046659119813134,0,MOYEN
USR_INF_10,2026-04-29,3,0,6,0,0,4,1,0.36162950051684684,0,FAIBLE
USR_INF_10,2026-04-30,2,0,3,0,0,6,1,0.3723922311998781,0,FAIBLE
USR_INF_10,2026-05-01,2,0,2,0,0,0,1,0.4172096695021007,0,FAIBLE
USR_INF_10,2026-05-02,3,0,4,0,3,7,1,0.40535223303112616,0,FAIBLE
USR_INF_10,2026-05-03,4,0,5,0,4,8,1,0.4060963211087239,0,FAIBLE
USR_INF_10,2026-05-04,6,0,9,0,0,7,1,0.36728549305465785,0,FAIBLE
USR_INF_10,2026-05-05,4,0,6,0,0,11,1,0.3626969082556895,0,FAIBLE
USR_INF_10,2026-05-06,5,0,13,1,0,14,1,0.4527256454939489,0,MOYEN
USR_INF_10,2026-05-07,2,0,4,0,0,2,1,0.37790597858356395,0,FAIBLE
USR_INF_10,2026-05-08,1,0,1,0,0,0,1,0.41776833668568386,0,FAIBLE
USR_INF_10,2026-05-09,5,0,13,0,5,13,1,0.44841871220904383,0,FAIBLE
USR_INF_10,2026-05-10,2,0,2,0,2,10,1,0.4292859222387642,0,FAIBLE
USR_INF_10,2026-05-11,3,0,6,0,0,7,1,0.35339927853644215,0,FAIBLE
USR_INF_10,2026-05-12,3,0,9,0,0,10,1,0.36137766854794773,0,FAIBLE
USR_INF_10,2026-05-13,2,0,5,0,0,7,1,0.3679680221635767,0,FAIBLE
USR_INF_10,2026-05-14,2,0,2,0,0,3,1,0.3759133768853762,0,FAIBLE
USR_INF_10,2026-05-15,5,0,9,0,0,12,1,0.37483401323930315,0,FAIBLE
USR_INF_10,2026-05-16,9,1,15,0,9,13,-1,0.60458063621311,1,ÉLEVÉ
USR_INF_10,2026-05-17,3,0,8,0,3,3,1,0.4335087515201989,0,FAIBLE
USR_INF_10,2026-05-18,3,0,6,0,0,10,1,0.35968474973267345,0,FAIBLE
USR_INF_10,2026-05-19,4,0,11,0,0,12,1,0.3731840666773211,0,FAIBLE
USR_INF_10,2026-05-20,4,0,337,0,0,8,1,0.45611091423329114,0,MOYEN
USR_INF_10,2026-05-21,3,0,6,0,0,12,1,0.38058599247072644,0,FAIBLE
USR_INF_10,2026-05-22,7,0,13,0,0,11,1,0.3904250964589115,0,FAIBLE
USR_INF_10,2026-05-23,3,0,6,0,3,13,1,0.4401570447686511,0,FAIBLE
USR_INF_10,2026-05-24,3,0,7,0,3,7,1,0.4010996608493306,0,FAIBLE
USR_INF_10,2026-05-25,3,0,5,0,0,8,1,0.3544966000359762,0,FAIBLE
USR_INF_10,2026-05-26,3,0,6,0,0,9,1,0.35398597231153184,0,FAIBLE
USR_INF_10,2026-05-27,7,1,29,1,0,14,1,0.5329095192045972,0,MOYEN
USR_INF_10,2026-05-28,6,0,15,0,0,14,1,0.4105319837345452,0,FAIBLE
USR_INF_10,2026-05-29,1,0,2,0,0,0,1,0.41160178371851236,0,FAIBLE
USR_INF_11,2026-04-15,3,0,4,0,0,5,1,0.3596428659384328,0,FAIBLE
USR_INF_11,2026-04-16,1,0,1,0,0,0,1,0.41776833668568386,0,FAIBLE
USR_INF_11,2026-04-17,4,0,8,0,0,3,1,0.37132953018604825,0,FAIBLE
USR_INF_11,2026-04-18,3,1,7,0,3,8,1,0.4756162408934463,0,MOYEN
USR_INF_11,2026-04-19,7,0,15,1,7,19,-1,0.6113174243812827,1,ÉLEVÉ
USR_INF_11,2026-04-20,3,0,6,0,0,8,1,0.3531492269847438,0,FAIBLE
USR_INF_11,2026-04-22,2,0,3,0,0,3,1,0.3755264918273999,0,FAIBLE
USR_INF_11,2026-04-23,6,1,23,0,0,10,1,0.42490209247425204,0,FAIBLE
USR_INF_11,2026-04-24,3,0,6,0,0,2,1,0.37945331136834265,0,FAIBLE
USR_INF_11,2026-04-25,1,0,3,0,1,0,1,0.45982404324193504,0,MOYEN
USR_INF_11,2026-04-26,2,0,3,0,2,6,1,0.4168994837262838,0,FAIBLE
USR_INF_11,2026-04-27,5,0,8,0,0,12,1,0.3757260766910313,0,FAIBLE
USR_INF_11,2026-04-28,1,0,3,0,0,0,1,0.4116720508678029,0,FAIBLE
USR_INF_11,2026-04-29,6,0,375,1,0,15,-1,0.5770962132955486,1,ÉLEVÉ
USR_INF_11,2026-04-30,1,0,3,0,0,0,1,0.4116720508678029,0,FAIBLE
USR_INF_11,2026-05-01,3,0,6,0,0,11,1,0.3672238752130906,0,FAIBLE
USR_INF_11,2026-05-02,3,0,5,0,3,5,1,0.4160377628481738,0,FAIBLE
USR_INF_11,2026-05-03,3,0,7,0,3,9,1,0.3997344122823739,0,FAIBLE
USR_INF_11,2026-05-04,2,0,2,1,0,8,1,0.5141987949099976,0,MOYEN
USR_INF_11,2026-05-05,7,0,273,0,0,9,1,0.46248513180008327,0,MOYEN
USR_INF_11,2026-05-06,4,0,7,0,0,7,1,0.3515229783427381,0,FAIBLE
USR_INF_11,2026-05-07,2,0,6,0,0,5,1,0.3663049940141392,0,FAIBLE
USR_INF_11,2026-05-08,6,0,11,0,0,11,1,0.3763886574136641,0,FAIBLE
USR_INF_11,2026-05-09,4,0,5,0,4,13,1,0.44366978486610514,0,FAIBLE
USR_INF_11,2026-05-10,2,0,4,0,2,15,1,0.4804742933571976,0,MOYEN
USR_INF_11,2026-05-11,1,0,1,0,0,0,1,0.41776833668568386,0,FAIBLE
USR_INF_11,2026-05-12,4,0,6,0,0,5,1,0.3597000974708724,0,FAIBLE
USR_INF_11,2026-05-13,5,0,13,1,0,12,1,0.4584178636522246,0,MOYEN
USR_INF_11,2026-05-14,3,0,5,0,0,6,1,0.3584878582650318,0,FAIBLE
USR_INF_11,2026-05-15,5,1,30,0,0,12,1,0.4505802954754102,0,MOYEN
USR_INF_11,2026-05-16,2,0,2,0,2,2,1,0.4362141991819385,0,FAIBLE
USR_INF_11,2026-05-17,6,1,37,0,6,6,1,0.5318931335232093,0,MOYEN
USR_INF_11,2026-05-18,4,0,10,1,0,17,1,0.47428385996869726,0,MOYEN
USR_INF_11,2026-05-19,4,0,11,0,0,14,1,0.39445274562698,0,FAIBLE
USR_INF_11,2026-05-20,5,0,12,0,0,15,1,0.41629116537233707,0,FAIBLE
USR_INF_11,2026-05-21,2,0,3,1,0,4,1,0.5139107342948137,0,MOYEN
USR_INF_11,2026-05-22,9,1,16,0,0,14,1,0.5024501748800987,0,MOYEN
USR_INF_11,2026-05-23,3,0,7,0,3,12,1,0.4284844366267476,0,FAIBLE
USR_INF_11,2026-05-24,5,0,446,0,5,13,-1,0.5811615970775803,1,ÉLEVÉ
USR_INF_11,2026-05-25,3,0,9,0,0,5,1,0.3575829829311962,0,FAIBLE
USR_INF_11,2026-05-26,2,0,4,0,0,3,1,0.3735124320059817,0,FAIBLE
USR_INF_11,2026-05-27,5,0,8,0,0,11,1,0.36756979957368174,0,FAIBLE
USR_INF_11,2026-05-28,6,1,31,1,0,14,1,0.5248355427960992,0,MOYEN
USR_INF_11,2026-05-29,3,0,6,0,0,13,1,0.3874357570114578,0,FAIBLE
USR_INF_12,2026-04-15,1,0,1,0,0,0,1,0.41776833668568386,0,FAIBLE
USR_INF_12,2026-04-16,4,0,6,0,0,12,1,0.3739013009979995,0,FAIBLE
USR_INF_12,2026-04-17,4,0,5,0,0,10,1,0.35796515008849705,0,FAIBLE
USR_INF_12,2026-04-18,2,0,4,0,2,11,1,0.43043926300717344,0,FAIBLE
USR_INF_12,2026-04-19,4,0,12,0,4,10,1,0.40907066897229055,0,FAIBLE
USR_INF_12,2026-04-20,5,1,232,1,0,19,-1,0.6132615225033019,1,ÉLEVÉ
USR_INF_12,2026-04-21,4,1,8,0,0,5,1,0.42357006209191034,0,FAIBLE
USR_INF_12,2026-04-22,2,0,4,0,0,1,1,0.38802349371548617,0,FAIBLE
USR_INF_12,2026-04-23,3,0,5,0,0,9,1,0.3553365378038568,0,FAIBLE
USR_INF_12,2026-04-24,4,1,8,0,0,5,1,0.42357006209191034,0,FAIBLE
USR_INF_12,2026-04-25,4,0,8,0,4,8,1,0.3999383187128731,0,FAIBLE
USR_INF_12,2026-04-26,5,0,11,0,5,9,1,0.41508108885290546,0,FAIBLE
USR_INF_12,2026-04-27,3,0,5,0,0,9,1,0.3553365378038568,0,FAIBLE
USR_INF_12,2026-04-28,2,0,5,0,0,11,1,0.3837060615478682,0,FAIBLE
USR_INF_12,2026-04-29,5,0,8,0,0,12,1,0.3757260766910313,0,FAIBLE
USR_INF_12,2026-04-30,5,0,11,1,0,19,1,0.5028614726040087,0,MOYEN
USR_INF_12,2026-05-01,3,1,23,1,0,13,1,0.5302190120353656,0,MOYEN
USR_INF_12,2026-05-02,1,0,3,0,1,0,1,0.45982404324193504,0,MOYEN
USR_INF_12,2026-05-03,1,0,3,0,1,0,1,0.45982404324193504,0,MOYEN
USR_INF_12,2026-05-04,6,0,15,0,0,9,1,0.368688948539947,0,FAIBLE
USR_INF_12,2026-05-06,4,0,9,0,0,14,1,0.39242379550546697,0,FAIBLE
USR_INF_12,2026-05-07,9,1,30,1,0,17,-1,0.5658260762929096,1,ÉLEVÉ
USR_INF_12,2026-05-08,3,1,26,0,0,6,1,0.4309133433554149,0,FAIBLE
USR_INF_12,2026-05-09,1,0,3,0,1,0,1,0.45982404324193504,0,MOYEN
USR_INF_12,2026-05-10,7,1,12,1,7,15,-1,0.6083126737361735,1,ÉLEVÉ
USR_INF_12,2026-05-11,4,0,10,0,0,10,1,0.3594530322117782,0,FAIBLE
USR_INF_12,2026-05-12,4,0,11,0,0,11,1,0.3644439530035662,0,FAIBLE
USR_INF_12,2026-05-13,2,0,382,0,0,8,1,0.49836100829477403,0,MOYEN
USR_INF_12,2026-05-14,3,0,5,0,0,10,1,0.3609990000185339,0,FAIBLE
USR_INF_12,2026-05-15,2,0,6,0,0,0,1,0.4188477889416726,0,FAIBLE
USR_INF_12,2026-05-16,2,0,3,0,2,8,1,0.41388448567688735,0,FAIBLE
USR_INF_12,2026-05-17,6,0,11,0,6,11,1,0.45787172698920153,0,MOYEN
USR_INF_12,2026-05-18,3,0,5,1,0,14,1,0.47445426970494786,0,MOYEN
USR_INF_12,2026-05-19,3,0,6,0,0,4,1,0.36162950051684684,0,FAIBLE
USR_INF_12,2026-05-20,6,2,20,0,0,11,1,0.52436225931733,0,MOYEN
USR_INF_12,2026-05-21,3,0,7,0,0,3,1,0.36737542551525715,0,FAIBLE
USR_INF_12,2026-05-22,3,0,3,0,0,9,1,0.35857939699508073,0,FAIBLE
USR_INF_12,2026-05-23,4,0,7,0,4,13,1,0.4360916439520822,0,FAIBLE
USR_INF_12,2026-05-24,1,0,1,0,1,0,1,0.4689762966836789,0,MOYEN
USR_INF_12,2026-05-25,5,0,13,0,0,11,1,0.3710132810313277,0,FAIBLE
USR_INF_12,2026-05-26,3,0,6,0,0,4,1,0.36162950051684684,0,FAIBLE
USR_INF_12,2026-05-27,8,0,662,0,0,12,-1,0.5970345680345945,1,ÉLEVÉ
USR_INF_12,2026-05-28,1,0,3,0,0,0,1,0.4116720508678029,0,FAIBLE
USR_INF_12,2026-05-29,2,0,2,1,0,16,1,0.5162122442609942,0,MOYEN
USR_INF_13,2026-04-15,1,0,1,0,0,0,1,0.41776833668568386,0,FAIBLE
USR_INF_13,2026-04-17,5,0,9,0,0,14,1,0.3951320571414849,0,FAIBLE
USR_INF_13,2026-04-18,6,0,247,2,6,11,-1,0.6705258031425269,1,ÉLEVÉ
USR_INF_13,2026-04-19,3,0,8,0,3,13,1,0.4385648390463508,0,FAIBLE
USR_INF_13,2026-04-20,2,0,4,0,0,10,1,0.3747236472148359,0,FAIBLE
USR_INF_13,2026-04-21,5,0,11,0,0,13,1,0.38239426738797805,0,FAIBLE
USR_INF_13,2026-04-22,5,0,12,0,0,11,1,0.3683420056053499,0,FAIBLE
USR_INF_13,2026-04-23,5,2,37,0,0,9,1,0.520941500065235,0,MOYEN
USR_INF_13,2026-04-24,6,0,14,0,0,12,1,0.38875564570532994,0,FAIBLE
USR_INF_13,2026-04-25,4,0,6,0,4,4,1,0.42400592079755867,0,FAIBLE
USR_INF_13,2026-04-26,3,0,5,0,3,8,1,0.4009268356246657,0,FAIBLE
USR_INF_13,2026-04-27,4,0,6,0,0,13,1,0.38342748880370575,0,FAIBLE
USR_INF_13,2026-04-28,10,0,20,0,0,15,1,0.5140443730073745,0,MOYEN
USR_INF_13,2026-04-29,3,0,5,0,0,6,1,0.3584878582650318,0,FAIBLE
USR_INF_13,2026-04-30,5,0,12,0,0,13,1,0.3824120882522929,0,FAIBLE
USR_INF_13,2026-05-01,3,0,6,0,0,12,1,0.38058599247072644,0,FAIBLE
USR_INF_13,2026-05-02,3,0,6,0,3,7,1,0.4013945800119478,0,FAIBLE
USR_INF_13,2026-05-03,5,0,9,0,5,12,1,0.43506095966786396,0,FAIBLE
USR_INF_13,2026-05-04,3,0,6,0,0,11,1,0.3672238752130906,0,FAIBLE
USR_INF_13,2026-05-05,4,0,12,0,0,14,1,0.394357494000758,0,FAIBLE
USR_INF_13,2026-05-06,1,0,3,0,0,0,1,0.4116720508678029,0,FAIBLE
USR_INF_13,2026-05-07,3,0,7,1,0,13,1,0.4679749826979877,0,MOYEN
USR_INF_13,2026-05-08,2,0,6,0,0,11,1,0.38212381401810075,0,FAIBLE
USR_INF_13,2026-05-09,4,0,8,0,4,10,1,0.40651007632627584,0,FAIBLE
USR_INF_13,2026-05-10,4,1,9,1,4,15,-1,0.5795526189600121,1,ÉLEVÉ
USR_INF_13,2026-05-11,2,0,2,0,0,2,1,0.3812325566386182,0,FAIBLE
USR_INF_13,2026-05-12,5,0,7,0,0,12,1,0.37665411715629904,0,FAIBLE
USR_INF_13,2026-05-13,4,0,8,0,0,4,1,0.3636787776934895,0,FAIBLE
USR_INF_13,2026-05-14,4,0,8,0,0,7,1,0.3521461136320628,0,FAIBLE
USR_INF_13,2026-05-15,3,0,6,0,0,14,1,0.3995690833819781,0,FAIBLE
USR_INF_13,2026-05-16,3,0,5,0,3,9,1,0.4011053865801474,0,FAIBLE
USR_INF_13,2026-05-17,1,0,3,0,1,0,1,0.45982404324193504,0,MOYEN
USR_INF_13,2026-05-18,3,0,7,0,0,7,1,0.3530819765484172,0,FAIBLE
USR_INF_13,2026-05-19,4,1,9,0,0,12,1,0.4373757926699868,0,FAIBLE
USR_INF_13,2026-05-20,7,0,17,1,0,16,1,0.49717174470895903,0,MOYEN
USR_INF_13,2026-05-21,3,0,6,0,0,1,1,0.393652111853226,0,FAIBLE
USR_INF_13,2026-05-22,4,0,7,0,0,9,1,0.35177799766776935,0,FAIBLE
USR_INF_13,2026-05-23,1,0,2,0,1,0,1,0.46306085253922974,0,MOYEN
USR_INF_13,2026-05-24,1,0,3,0,1,0,1,0.45982404324193504,0,MOYEN
USR_INF_13,2026-05-25,6,1,37,0,0,11,1,0.4491640629592238,0,FAIBLE
USR_INF_13,2026-05-26,4,0,6,0,0,12,1,0.3739013009979995,0,FAIBLE
USR_INF_13,2026-05-27,7,0,12,0,0,11,1,0.3877380109713708,0,FAIBLE
USR_INF_13,2026-05-29,3,0,5,0,0,3,1,0.3688275020056756,0,FAIBLE
USR_INF_14,2026-04-15,5,0,11,0,0,9,1,0.35701499830842226,0,FAIBLE
USR_INF_14,2026-04-16,3,0,11,1,0,19,1,0.5263794617345822,0,MOYEN
USR_INF_14,2026-04-17,6,1,17,0,0,11,1,0.43019799147465393,0,FAIBLE
USR_INF_14,2026-04-18,2,0,5,0,2,6,1,0.414126174453077,0,FAIBLE
USR_INF_14,2026-04-19,4,0,8,0,4,12,1,0.42094364031068676,0,FAIBLE
USR_INF_14,2026-04-20,2,0,3,0,0,4,1,0.37394134081257324,0,FAIBLE
USR_INF_14,2026-04-21,3,0,304,0,0,5,1,0.47433014289039505,0,MOYEN
USR_INF_14,2026-04-22,6,0,8,1,0,18,1,0.49772543298348887,0,MOYEN
USR_INF_14,2026-04-23,3,1,26,0,0,7,1,0.42605007766476266,0,FAIBLE
USR_INF_14,2026-04-24,2,0,3,0,0,2,1,0.379764058432513,0,FAIBLE
USR_INF_14,2026-04-25,4,0,11,1,4,6,1,0.5385030862464163,0,MOYEN
USR_INF_14,2026-04-26,2,0,4,0,2,1,1,0.444781966532402,0,FAIBLE
USR_INF_14,2026-04-27,3,0,5,0,0,8,1,0.3544966000359762,0,FAIBLE
USR_INF_14,2026-04-28,3,0,6,0,0,9,1,0.35398597231153184,0,FAIBLE
USR_INF_14,2026-04-29,2,0,422,0,0,5,1,0.5256210115443786,0,MOYEN
USR_INF_14,2026-04-30,3,0,412,0,0,2,1,0.5381707892357126,0,MOYEN
USR_INF_14,2026-05-01,3,1,8,0,0,10,1,0.4297737394291553,0,FAIBLE
USR_INF_14,2026-05-02,5,0,10,0,5,14,1,0.4618566764010972,0,MOYEN
USR_INF_14,2026-05-03,2,0,5,0,2,14,1,0.4600238082856957,0,MOYEN
USR_INF_14,2026-05-04,5,0,393,0,0,13,1,0.5049101051985527,0,MOYEN
USR_INF_14,2026-05-05,3,0,5,0,0,8,1,0.3544966000359762,0,FAIBLE
USR_INF_14,2026-05-06,3,0,7,0,0,3,1,0.36737542551525715,0,FAIBLE
USR_INF_14,2026-05-07,6,0,17,1,0,16,1,0.4785873367162497,0,MOYEN
USR_INF_14,2026-05-08,4,0,9,0,0,6,1,0.35698952366467984,0,FAIBLE
USR_INF_14,2026-05-09,2,0,5,0,2,11,1,0.4284363313680421,0,FAIBLE
USR_INF_14,2026-05-10,3,0,6,0,3,10,1,0.4091086804792856,0,FAIBLE
USR_INF_14,2026-05-11,4,1,31,0,0,8,1,0.4223481943598066,0,FAIBLE
USR_INF_14,2026-05-12,4,0,12,1,0,16,1,0.46727900909648057,0,MOYEN
USR_INF_14,2026-05-13,3,0,6,1,0,15,1,0.48481344125667886,0,MOYEN
USR_INF_14,2026-05-14,3,0,6,0,0,8,1,0.3531492269847438,0,FAIBLE
USR_INF_14,2026-05-15,4,0,8,0,0,9,1,0.35240158502296365,0,FAIBLE
USR_INF_14,2026-05-16,5,0,10,0,5,5,1,0.438141344623336,0,FAIBLE
USR_INF_14,2026-05-17,5,0,9,0,5,9,1,0.415592472313439,0,FAIBLE
USR_INF_14,2026-05-18,1,0,2,0,0,0,1,0.41160178371851236,0,FAIBLE
USR_INF_14,2026-05-19,5,1,28,0,0,8,1,0.41979093211910357,0,FAIBLE
USR_INF_14,2026-05-20,2,0,326,0,0,6,1,0.48426376116977227,0,MOYEN
USR_INF_14,2026-05-21,4,0,8,0,0,10,1,0.35716046687045255,0,FAIBLE
USR_INF_14,2026-05-22,3,0,5,0,0,4,1,0.36348298710652166,0,FAIBLE
USR_INF_14,2026-05-23,3,0,7,0,3,12,1,0.4284844366267476,0,FAIBLE
USR_INF_14,2026-05-24,3,0,5,0,3,2,1,0.4439714403237688,0,FAIBLE
USR_INF_14,2026-05-25,1,0,3,0,0,0,1,0.4116720508678029,0,FAIBLE
USR_INF_14,2026-05-26,4,1,21,0,0,6,1,0.4198924125842105,0,FAIBLE
USR_INF_14,2026-05-27,5,0,11,0,0,10,1,0.36222516789832365,0,FAIBLE
USR_INF_14,2026-05-28,4,0,363,0,0,8,1,0.46406179561156097,0,MOYEN
USR_INF_14,2026-05-29,4,0,8,2,0,11,-1,0.5718258185885986,1,ÉLEVÉ
USR_INF_15,2026-04-15,6,0,367,0,0,10,1,0.480011539577857,0,MOYEN
USR_INF_15,2026-04-16,2,1,24,0,0,3,1,0.46861482511303343,0,MOYEN
USR_INF_15,2026-04-17,3,0,9,0,0,7,1,0.3546140149086594,0,FAIBLE
USR_INF_15,2026-04-18,4,0,282,0,4,9,1,0.5117589427593738,0,MOYEN
USR_INF_15,2026-04-19,2,0,4,0,2,9,1,0.4129756246012737,0,FAIBLE
USR_INF_15,2026-04-20,2,1,25,0,0,5,1,0.4512385920925438,0,MOYEN
USR_INF_15,2026-04-21,6,0,10,0,0,12,1,0.3843421718622829,0,FAIBLE
USR_INF_15,2026-04-22,3,0,6,0,0,10,1,0.35968474973267345,0,FAIBLE
USR_INF_15,2026-04-23,5,0,10,0,0,13,1,0.38286834638669986,0,FAIBLE
USR_INF_15,2026-04-24,2,0,4,0,0,4,1,0.3714414387852892,0,FAIBLE
USR_INF_15,2026-04-25,5,0,13,0,5,12,1,0.435053379609836,0,FAIBLE
USR_INF_15,2026-04-26,2,0,4,0,2,6,1,0.41538372196824747,0,FAIBLE
USR_INF_15,2026-04-27,1,0,2,0,0,0,1,0.41160178371851236,0,FAIBLE
USR_INF_15,2026-04-28,4,1,26,0,0,8,1,0.4163368138374937,0,FAIBLE
USR_INF_15,2026-04-29,4,0,8,0,0,9,1,0.35240158502296365,0,FAIBLE
USR_INF_15,2026-04-30,6,0,14,0,0,14,1,0.4098009564499426,0,FAIBLE
USR_INF_15,2026-05-01,5,2,23,0,0,9,1,0.5091957307511036,0,MOYEN
USR_INF_15,2026-05-02,9,1,20,0,9,14,-1,0.614069547344285,1,ÉLEVÉ
USR_INF_15,2026-05-03,5,0,408,0,5,9,1,0.537099571409992,0,MOYEN
USR_INF_15,2026-05-04,3,0,8,0,0,13,1,0.38545822740303165,0,FAIBLE
USR_INF_15,2026-05-05,2,0,4,0,0,7,1,0.3682012091658262,0,FAIBLE
USR_INF_15,2026-05-06,3,0,5,0,0,11,1,0.3690821502101963,0,FAIBLE
USR_INF_15,2026-05-07,4,0,10,0,0,4,1,0.366453075454582,0,FAIBLE
USR_INF_15,2026-05-08,4,0,9,0,0,12,1,0.37194624597102544,0,FAIBLE
USR_INF_15,2026-05-09,3,0,6,0,3,12,1,0.42834830259150286,0,FAIBLE
USR_INF_15,2026-05-10,2,0,4,0,2,3,1,0.42764931836318393,0,FAIBLE
USR_INF_15,2026-05-11,2,0,2,0,0,1,1,0.39175018285156743,0,FAIBLE
USR_INF_15,2026-05-12,2,0,5,0,0,2,1,0.3767627191286141,0,FAIBLE
USR_INF_15,2026-05-13,5,0,8,0,0,9,1,0.3567771949037824,0,FAIBLE
USR_INF_15,2026-05-14,5,0,469,0,0,12,1,0.527866175791336,0,MOYEN
USR_INF_15,2026-05-15,2,0,4,0,0,10,1,0.3747236472148359,0,FAIBLE
USR_INF_15,2026-05-16,5,0,12,0,5,13,1,0.4459243310171838,0,FAIBLE
USR_INF_15,2026-05-17,6,0,10,0,6,12,1,0.465195395420689,0,MOYEN
USR_INF_15,2026-05-18,3,0,4,0,0,11,1,0.37044606738991137,0,FAIBLE
USR_INF_15,2026-05-19,4,0,8,0,0,12,1,0.3720168400944972,0,FAIBLE
USR_INF_15,2026-05-20,3,0,8,0,0,8,1,0.35352823876417006,0,FAIBLE
USR_INF_15,2026-05-21,6,1,37,0,0,15,1,0.5024235596295137,0,MOYEN
USR_INF_15,2026-05-22,2,0,3,0,0,13,1,0.4064494727143839,0,FAIBLE
USR_INF_15,2026-05-23,6,0,11,0,6,9,1,0.4444581811607748,0,FAIBLE
USR_INF_15,2026-05-24,7,0,264,1,7,19,-1,0.6544145310006624,1,ÉLEVÉ
USR_INF_15,2026-05-25,3,0,5,0,0,6,1,0.3584878582650318,0,FAIBLE
USR_INF_15,2026-05-26,6,0,448,0,0,13,1,0.5336701831218206,0,MOYEN
USR_INF_15,2026-05-27,4,0,8,0,0,7,1,0.3521461136320628,0,FAIBLE
USR_INF_15,2026-05-28,3,0,9,0,0,6,1,0.3572392120371461,0,FAIBLE
USR_INF_15,2026-05-29,7,1,26,0,0,11,1,0.4425550784222632,0,FAIBLE
USR_INF_16,2026-04-15,2,0,5,0,0,3,1,0.3723771429988954,0,FAIBLE
USR_INF_16,2026-04-17,6,2,47,0,0,11,-1,0.5516464044792276,1,ÉLEVÉ
USR_INF_16,2026-04-18,5,0,337,1,5,14,-1,0.6021786543488772,1,ÉLEVÉ
USR_INF_16,2026-04-19,2,0,5,0,2,0,1,0.47174907221152335,0,MOYEN
USR_INF_16,2026-04-20,6,0,13,0,0,14,1,0.40590482020642993,0,FAIBLE
USR_INF_16,2026-04-21,6,0,14,0,0,10,1,0.37540415664725846,0,FAIBLE
USR_INF_16,2026-04-22,2,0,6,0,0,4,1,0.36906090130012387,0,FAIBLE
USR_INF_16,2026-04-23,1,0,2,0,0,0,1,0.41160178371851236,0,FAIBLE
USR_INF_16,2026-04-24,3,0,5,0,0,7,1,0.3548367297536908,0,FAIBLE
USR_INF_16,2026-04-25,5,0,256,0,5,10,1,0.5223488782821939,0,MOYEN
USR_INF_16,2026-04-26,3,0,218,0,3,14,-1,0.5482980576218299,1,MOYEN
USR_INF_16,2026-04-27,2,0,4,0,0,9,1,0.36894090636428756,0,FAIBLE
USR_INF_16,2026-04-28,5,0,7,0,0,8,1,0.35621914764682844,0,FAIBLE
USR_INF_16,2026-04-29,4,0,8,0,0,7,1,0.3521461136320628,0,FAIBLE
USR_INF_16,2026-04-30,3,0,5,0,0,8,1,0.3544966000359762,0,FAIBLE
USR_INF_16,2026-05-01,4,0,6,0,0,11,1,0.3626969082556895,0,FAIBLE
USR_INF_16,2026-05-02,4,0,10,0,4,7,1,0.40525556844451777,0,FAIBLE
USR_INF_16,2026-05-04,3,0,4,0,0,1,1,0.39332244630356766,0,FAIBLE
USR_INF_16,2026-05-05,5,0,12,0,0,6,1,0.3645130413988532,0,FAIBLE
USR_INF_16,2026-05-06,6,0,12,0,0,15,1,0.423257619281666,0,FAIBLE
USR_INF_16,2026-05-07,3,0,9,0,0,7,1,0.3546140149086594,0,FAIBLE
USR_INF_16,2026-05-08,8,1,11,1,0,19,-1,0.583902014724872,1,ÉLEVÉ
USR_INF_16,2026-05-09,4,2,9,0,4,5,-1,0.5648658846843368,1,ÉLEVÉ
USR_INF_16,2026-05-10,3,0,6,0,3,12,1,0.42834830259150286,0,FAIBLE
USR_INF_16,2026-05-11,5,0,7,0,0,9,1,0.35617085261084624,0,FAIBLE
USR_INF_16,2026-05-12,7,0,13,0,0,14,1,0.4192754216881577,0,FAIBLE
USR_INF_16,2026-05-13,4,0,6,0,0,3,1,0.3704858846359094,0,FAIBLE
USR_INF_16,2026-05-14,3,0,5,0,0,2,1,0.3798912792728152,0,FAIBLE
USR_INF_16,2026-05-15,1,0,3,0,0,0,1,0.4116720508678029,0,FAIBLE
USR_INF_16,2026-05-16,5,0,12,0,5,9,1,0.4138701144552759,0,FAIBLE
USR_INF_16,2026-05-17,3,0,7,0,3,12,1,0.4284844366267476,0,FAIBLE
USR_INF_16,2026-05-18,6,0,14,0,0,14,1,0.4098009564499426,0,FAIBLE
USR_INF_16,2026-05-19,6,0,12,0,0,11,1,0.37543022094858536,0,FAIBLE
USR_INF_16,2026-05-20,1,0,3,0,0,0,1,0.4116720508678029,0,FAIBLE
USR_INF_16,2026-05-21,2,0,5,0,0,2,1,0.3767627191286141,0,FAIBLE
USR_INF_16,2026-05-22,6,0,11,0,0,12,1,0.3834498807415679,0,FAIBLE
USR_INF_16,2026-05-23,4,0,7,0,4,3,1,0.4410746859033944,0,FAIBLE
USR_INF_16,2026-05-24,7,0,13,0,7,10,1,0.48285894622386366,0,MOYEN
USR_INF_16,2026-05-25,2,0,2,0,0,10,1,0.38113655927416773,0,FAIBLE
USR_INF_16,2026-05-26,4,1,33,0,0,14,1,0.4819694932932617,0,MOYEN
USR_INF_16,2026-05-27,3,0,442,0,0,3,1,0.5373573166135167,0,MOYEN
USR_INF_16,2026-05-28,7,1,27,0,0,11,1,0.44356395195514176,0,FAIBLE
USR_INF_16,2026-05-29,4,0,8,1,0,18,1,0.49679260333414604,0,MOYEN
USR_INF_17,2026-04-16,6,0,12,0,0,13,1,0.39037568182797616,0,FAIBLE
USR_INF_17,2026-04-17,5,0,9,0,0,12,1,0.37483401323930315,0,FAIBLE
USR_INF_17,2026-04-18,1,1,18,0,1,0,-1,0.5621807152127143,1,ÉLEVÉ
USR_INF_17,2026-04-19,7,0,457,1,7,14,-1,0.6467099013252694,1,ÉLEVÉ
USR_INF_17,2026-04-20,2,0,5,0,0,6,1,0.3684873694412188,0,FAIBLE
USR_INF_17,2026-04-21,5,0,11,0,0,11,1,0.36771017697914105,0,FAIBLE
USR_INF_17,2026-04-22,2,0,4,0,0,13,1,0.40393838666428944,0,FAIBLE
USR_INF_17,2026-04-23,4,0,9,0,0,6,1,0.35698952366467984,0,FAIBLE
USR_INF_17,2026-04-24,2,1,5,0,0,4,1,0.4536874301808879,0,MOYEN
USR_INF_17,2026-04-25,2,0,2,0,2,11,1,0.4375665119569583,0,FAIBLE
USR_INF_17,2026-04-26,5,0,10,0,5,13,1,0.44762576794032793,0,FAIBLE
USR_INF_17,2026-04-27,4,0,9,0,0,15,1,0.41455546908684265,0,FAIBLE
USR_INF_17,2026-04-28,2,0,5,0,0,3,1,0.3723771429988954,0,FAIBLE
USR_INF_17,2026-04-29,4,0,6,0,0,5,1,0.3597000974708724,0,FAIBLE
USR_INF_17,2026-04-30,2,0,5,1,0,18,1,0.5360141389221433,0,MOYEN
USR_INF_17,2026-05-01,3,0,7,0,0,2,1,0.3800787347716003,0,FAIBLE
USR_INF_17,2026-05-02,5,0,9,0,5,8,1,0.4143932822771526,0,FAIBLE
USR_INF_17,2026-05-03,2,0,6,0,2,6,1,0.41439954412859054,0,FAIBLE
USR_INF_17,2026-05-04,2,0,4,0,0,10,1,0.3747236472148359,0,FAIBLE
USR_INF_17,2026-05-05,8,0,17,0,0,15,1,0.4666698048684781,0,MOYEN
USR_INF_17,2026-05-06,5,0,296,0,0,10,1,0.45184466329962125,0,MOYEN
USR_INF_17,2026-05-07,4,1,32,0,0,7,1,0.4251124337143326,0,FAIBLE
USR_INF_17,2026-05-08,3,0,4,0,0,8,1,0.35442890909764624,0,FAIBLE
USR_INF_17,2026-05-09,3,0,6,0,3,10,1,0.4091086804792856,0,FAIBLE
USR_INF_17,2026-05-10,2,0,4,0,2,2,1,0.43360263034498014,0,FAIBLE
USR_INF_17,2026-05-11,7,1,34,1,0,19,-1,0.5772319343267539,1,ÉLEVÉ
USR_INF_17,2026-05-12,5,1,37,0,0,11,1,0.4483392097634654,0,FAIBLE
USR_INF_17,2026-05-13,4,0,248,0,0,12,1,0.47523171963915456,0,MOYEN
USR_INF_17,2026-05-14,2,0,6,0,0,0,1,0.4188477889416726,0,FAIBLE
USR_INF_17,2026-05-15,4,0,6,0,0,10,1,0.3566208743561013,0,FAIBLE
USR_INF_17,2026-05-16,3,0,7,0,3,8,1,0.39949638136354987,0,FAIBLE
USR_INF_17,2026-05-17,4,0,8,0,4,10,1,0.40651007632627584,0,FAIBLE
USR_INF_17,2026-05-18,3,0,5,0,0,8,1,0.3544966000359762,0,FAIBLE
USR_INF_17,2026-05-19,4,0,7,0,0,8,1,0.3513433828841314,0,FAIBLE
USR_INF_17,2026-05-20,2,0,5,0,0,1,1,0.3867156839293233,0,FAIBLE
USR_INF_17,2026-05-21,2,0,4,0,0,3,1,0.3735124320059817,0,FAIBLE
USR_INF_17,2026-05-22,3,0,9,1,0,11,1,0.47759384153727313,0,MOYEN
USR_INF_17,2026-05-23,3,1,29,0,3,8,1,0.49519087536860734,0,MOYEN
USR_INF_17,2026-05-24,1,0,3,0,1,0,1,0.45982404324193504,0,MOYEN
USR_INF_17,2026-05-25,3,0,8,0,0,5,1,0.35680180627264835,0,FAIBLE
USR_INF_17,2026-05-26,2,0,5,0,0,6,1,0.3684873694412188,0,FAIBLE
USR_INF_17,2026-05-27,4,0,8,0,0,10,1,0.35716046687045255,0,FAIBLE
USR_INF_17,2026-05-28,5,0,8,0,0,7,1,0.35842136230873983,0,FAIBLE
USR_INF_17,2026-05-29,3,0,6,0,0,7,1,0.35339927853644215,0,FAIBLE
USR_INF_18,2026-04-15,7,1,26,1,0,15,1,0.5326652946789889,0,MOYEN
USR_INF_18,2026-04-16,8,0,394,0,0,11,1,0.5140184792182698,0,MOYEN
USR_INF_18,2026-04-17,5,0,7,0,0,6,1,0.3628627837723698,0,FAIBLE
USR_INF_18,2026-04-18,6,0,12,0,6,11,1,0.4564603244955091,0,MOYEN
USR_INF_18,2026-04-19,4,0,6,0,4,8,1,0.4009148414314492,0,FAIBLE
USR_INF_18,2026-04-20,2,0,2,0,0,8,1,0.37217252154923114,0,FAIBLE
USR_INF_18,2026-04-21,7,0,14,0,0,13,1,0.41123301340854695,0,FAIBLE
USR_INF_18,2026-04-22,1,0,1,0,0,0,1,0.41776833668568386,0,FAIBLE
USR_INF_18,2026-04-24,3,0,9,0,0,8,1,0.3546296567298264,0,FAIBLE
USR_INF_18,2026-04-25,6,0,12,0,6,10,1,0.4516675639667377,0,MOYEN
USR_INF_18,2026-04-26,5,0,11,0,5,4,1,0.4487677162824233,0,FAIBLE
USR_INF_18,2026-04-27,1,0,3,0,0,0,1,0.4116720508678029,0,FAIBLE
USR_INF_18,2026-04-28,5,0,10,0,0,14,1,0.3965623659458737,0,FAIBLE
USR_INF_18,2026-04-29,4,0,10,0,0,14,1,0.39401537480761634,0,FAIBLE
USR_INF_18,2026-04-30,5,2,221,0,0,10,-1,0.5809783983218928,1,ÉLEVÉ
USR_INF_18,2026-05-01,7,0,16,0,0,10,1,0.3895347863470711,0,FAIBLE
USR_INF_18,2026-05-02,2,0,6,0,2,3,1,0.427551903095529,0,FAIBLE
USR_INF_18,2026-05-03,2,0,2,0,2,11,1,0.4375665119569583,0,FAIBLE
USR_INF_18,2026-05-04,2,1,20,0,0,1,1,0.4893444883610015,0,MOYEN
USR_INF_18,2026-05-05,2,0,6,0,0,0,1,0.4188477889416726,0,FAIBLE
USR_INF_18,2026-05-06,2,0,3,0,0,11,1,0.3872907173728576,0,FAIBLE
USR_INF_18,2026-05-07,4,0,7,0,0,13,1,0.381849864880738,0,FAIBLE
USR_INF_18,2026-05-08,2,0,4,0,0,1,1,0.38802349371548617,0,FAIBLE
USR_INF_18,2026-05-09,5,0,15,1,5,16,-1,0.5474569380289792,1,MOYEN
USR_INF_18,2026-05-11,5,0,11,0,0,15,1,0.4165241102597998,0,FAIBLE
USR_INF_18,2026-05-12,5,0,13,0,0,15,1,0.4190383902506051,0,FAIBLE
USR_INF_18,2026-05-13,2,0,4,0,0,10,1,0.3747236472148359,0,FAIBLE
USR_INF_18,2026-05-14,2,0,4,0,0,14,1,0.41547767967151555,0,FAIBLE
USR_INF_18,2026-05-15,7,0,14,0,0,15,1,0.44316394809573423,0,FAIBLE
USR_INF_18,2026-05-16,4,0,5,0,4,14,1,0.4574237450474639,0,MOYEN
USR_INF_18,2026-05-17,3,0,5,0,3,11,1,0.41835312695583465,0,FAIBLE
USR_INF_18,2026-05-18,5,0,9,0,0,9,1,0.35633296898667427,0,FAIBLE
USR_INF_18,2026-05-19,3,0,6,0,0,5,1,0.35722426632565496,0,FAIBLE
USR_INF_18,2026-05-20,1,0,1,0,0,0,1,0.41776833668568386,0,FAIBLE
USR_INF_18,2026-05-21,7,0,17,1,0,18,1,0.5266368420143656,0,MOYEN
USR_INF_18,2026-05-22,2,0,5,0,0,1,1,0.3867156839293233,0,FAIBLE
USR_INF_18,2026-05-23,4,0,8,0,4,10,1,0.40651007632627584,0,FAIBLE
USR_INF_18,2026-05-24,3,0,8,0,3,7,1,0.4013035895386866,0,FAIBLE
USR_INF_18,2026-05-25,3,0,6,0,0,6,1,0.3570356162477254,0,FAIBLE
USR_INF_18,2026-05-26,3,0,6,1,0,14,1,0.4732882754206034,0,MOYEN
USR_INF_18,2026-05-27,3,1,24,0,0,6,1,0.42760218784580545,0,FAIBLE
USR_INF_18,2026-05-28,3,0,4,0,0,9,1,0.3552442178481939,0,FAIBLE
USR_INF_19,2026-04-15,4,0,207,0,0,3,1,0.47341855827092477,0,MOYEN
USR_INF_19,2026-04-16,8,1,263,0,0,13,-1,0.5554105197985488,1,ÉLEVÉ
USR_INF_19,2026-04-17,7,0,17,2,0,13,-1,0.5976029485755946,1,ÉLEVÉ
USR_INF_19,2026-04-18,5,0,7,0,5,9,1,0.41560914657449205,0,FAIBLE
USR_INF_19,2026-04-19,3,0,6,0,3,10,1,0.4091086804792856,0,FAIBLE
USR_INF_19,2026-04-20,6,1,424,0,0,7,-1,0.5491022171303873,1,MOYEN
USR_INF_19,2026-04-21,1,0,4,1,0,0,1,0.5331863297713361,0,MOYEN
USR_INF_19,2026-04-22,4,0,8,0,0,5,1,0.35922814759785604,0,FAIBLE
USR_INF_19,2026-04-23,3,0,4,0,0,8,1,0.35442890909764624,0,FAIBLE
USR_INF_19,2026-04-24,2,0,2,0,0,0,1,0.4172096695021007,0,FAIBLE
USR_INF_19,2026-04-25,3,0,268,0,3,9,1,0.5123826769894371,0,MOYEN
USR_INF_19,2026-04-26,5,0,10,0,5,8,1,0.414103310933672,0,FAIBLE
USR_INF_19,2026-04-27,1,0,3,0,0,0,1,0.4116720508678029,0,FAIBLE
USR_INF_19,2026-04-28,5,0,11,0,0,4,1,0.37553806978201343,0,FAIBLE
USR_INF_19,2026-04-29,5,0,11,0,0,12,1,0.37503638040653436,0,FAIBLE
USR_INF_19,2026-04-30,2,0,2,0,0,0,1,0.4172096695021007,0,FAIBLE
USR_INF_19,2026-05-01,3,0,5,0,0,10,1,0.3609990000185339,0,FAIBLE
USR_INF_19,2026-05-02,3,0,6,0,3,14,1,0.4530360755991106,0,MOYEN
USR_INF_19,2026-05-03,5,0,9,0,5,12,1,0.43506095966786396,0,FAIBLE
USR_INF_19,2026-05-04,5,0,11,0,0,14,1,0.3960713306039536,0,FAIBLE
USR_INF_19,2026-05-05,5,1,20,0,0,13,1,0.4492226894010515,0,FAIBLE
USR_INF_19,2026-05-06,1,0,2,0,0,0,1,0.41160178371851236,0,FAIBLE
USR_INF_19,2026-05-07,6,0,10,0,0,12,1,0.3843421718622829,0,FAIBLE
USR_INF_19,2026-05-08,4,0,6,0,0,10,1,0.3566208743561013,0,FAIBLE
USR_INF_19,2026-05-09,4,0,261,0,4,3,-1,0.5502730342453385,1,ÉLEVÉ
USR_INF_19,2026-05-10,4,0,7,0,4,12,1,0.42257338671257366,0,FAIBLE
USR_INF_19,2026-05-11,4,0,5,0,0,8,1,0.3527723263205287,0,FAIBLE
USR_INF_19,2026-05-12,5,0,493,0,0,11,1,0.5229718729719975,0,MOYEN
USR_INF_19,2026-05-14,2,0,6,0,0,5,1,0.3663049940141392,0,FAIBLE
USR_INF_19,2026-05-15,3,0,350,0,0,8,1,0.4752122726825101,0,MOYEN
USR_INF_19,2026-05-16,2,0,3,0,2,2,1,0.43451064321659394,0,FAIBLE
USR_INF_19,2026-05-17,5,0,7,0,5,13,1,0.44970935688532426,0,FAIBLE
USR_INF_19,2026-05-18,5,0,11,0,0,4,1,0.37553806978201343,0,FAIBLE
USR_INF_19,2026-05-19,3,0,6,0,0,13,1,0.3874357570114578,0,FAIBLE
USR_INF_19,2026-05-20,5,0,332,0,0,13,1,0.4909035479700146,0,MOYEN
USR_INF_19,2026-05-21,2,0,4,0,0,9,1,0.36894090636428756,0,FAIBLE
USR_INF_19,2026-05-22,1,0,3,0,0,0,1,0.4116720508678029,0,FAIBLE
USR_INF_19,2026-05-23,2,0,3,0,2,3,1,0.4282076401499348,0,FAIBLE
USR_INF_19,2026-05-24,5,0,11,0,5,8,1,0.4148974090010241,0,FAIBLE
USR_INF_19,2026-05-26,2,0,5,0,0,11,1,0.3837060615478682,0,FAIBLE
USR_INF_19,2026-05-27,9,0,246,0,0,12,1,0.5233028628603928,0,MOYEN
USR_INF_19,2026-05-28,3,1,29,0,0,6,1,0.4359579133833483,0,FAIBLE
USR_INF_19,2026-05-29,4,0,4,1,0,13,1,0.4640198282197101,0,MOYEN
USR_INF_20,2026-04-15,5,0,9,0,0,7,1,0.35812147113810233,0,FAIBLE
USR_INF_20,2026-04-16,3,1,17,0,0,2,1,0.46636321853014673,0,MOYEN
USR_INF_20,2026-04-17,1,0,1,0,0,0,1,0.41776833668568386,0,FAIBLE
USR_INF_20,2026-04-18,6,0,11,0,6,6,1,0.45887985079052246,0,MOYEN
USR_INF_20,2026-04-19,3,0,4,0,3,12,1,0.4333469152379135,0,FAIBLE
USR_INF_20,2026-04-20,7,0,475,0,0,13,-1,0.5515375211389744,1,ÉLEVÉ
USR_INF_20,2026-04-21,5,0,10,1,0,17,1,0.4684228495180337,0,MOYEN
USR_INF_20,2026-04-22,8,0,19,0,0,14,1,0.4534525336246294,0,MOYEN
USR_INF_20,2026-04-23,2,0,6,0,0,1,1,0.38865109566523864,0,FAIBLE
USR_INF_20,2026-04-24,3,0,6,0,0,2,1,0.37945331136834265,0,FAIBLE
USR_INF_20,2026-04-25,3,0,5,0,3,4,1,0.4211192965486431,0,FAIBLE
USR_INF_20,2026-04-26,4,0,12,0,4,5,1,0.4232773284537473,0,FAIBLE
USR_INF_20,2026-04-27,3,0,8,1,0,18,1,0.5112331042867165,0,MOYEN
USR_INF_20,2026-04-28,4,0,9,0,0,9,1,0.35273349211496186,0,FAIBLE
USR_INF_20,2026-04-29,5,1,34,0,0,3,1,0.466221408293198,0,MOYEN
USR_INF_20,2026-04-30,7,0,13,0,0,9,1,0.37909120543017594,0,FAIBLE
USR_INF_20,2026-05-01,6,0,10,0,0,9,1,0.3653276206737274,0,FAIBLE
USR_INF_20,2026-05-02,4,0,9,0,4,14,1,0.44921005864685015,0,FAIBLE
USR_INF_20,2026-05-03,7,0,15,0,7,14,1,0.5223289866623342,0,MOYEN
USR_INF_20,2026-05-04,1,0,2,0,0,0,1,0.41160178371851236,0,FAIBLE
USR_INF_20,2026-05-05,1,0,1,0,0,0,1,0.41776833668568386,0,FAIBLE
USR_INF_20,2026-05-06,2,0,3,0,0,0,1,0.41641487525493387,0,FAIBLE
USR_INF_20,2026-05-07,4,0,11,0,0,4,1,0.3673853231414154,0,FAIBLE
USR_INF_20,2026-05-08,7,0,11,1,0,16,1,0.48831639617092254,0,MOYEN
USR_INF_20,2026-05-09,2,0,4,0,2,7,1,0.41173596716685484,0,FAIBLE
USR_INF_20,2026-05-10,7,0,15,0,7,14,1,0.5223289866623342,0,MOYEN
USR_INF_20,2026-05-11,7,0,17,0,0,5,1,0.40650954888428076,0,FAIBLE
USR_INF_20,2026-05-12,3,1,481,0,0,12,-1,0.5918058111493212,1,ÉLEVÉ
USR_INF_20,2026-05-13,3,1,22,0,0,11,1,0.4384656195675278,0,FAIBLE
USR_INF_20,2026-05-14,3,1,26,0,0,6,1,0.4309133433554149,0,FAIBLE
USR_INF_20,2026-05-15,1,0,3,0,0,0,1,0.4116720508678029,0,FAIBLE
USR_INF_20,2026-05-16,1,0,3,0,1,0,1,0.45982404324193504,0,MOYEN
USR_INF_20,2026-05-17,4,0,10,0,4,9,1,0.403229212381676,0,FAIBLE
USR_INF_20,2026-05-18,4,0,6,0,0,9,1,0.35195899606060804,0,FAIBLE
USR_INF_20,2026-05-19,5,0,8,0,0,13,1,0.3831527645439763,0,FAIBLE
USR_INF_20,2026-05-20,4,0,7,0,0,9,1,0.35177799766776935,0,FAIBLE
USR_INF_20,2026-05-21,4,0,9,0,0,12,1,0.37194624597102544,0,FAIBLE
USR_INF_20,2026-05-22,5,1,9,0,0,10,1,0.4243036523469323,0,FAIBLE
USR_INF_20,2026-05-23,4,0,8,0,4,3,1,0.4408141703673585,0,FAIBLE
USR_INF_20,2026-05-24,1,0,3,0,1,0,1,0.45982404324193504,0,MOYEN
USR_INF_20,2026-05-25,3,1,6,0,0,6,1,0.4259956283834403,0,FAIBLE
USR_INF_20,2026-05-26,4,0,6,1,0,11,1,0.4715970525033122,0,MOYEN
USR_INF_20,2026-05-27,3,0,314,0,0,11,1,0.482943974232013,0,MOYEN
USR_INF_20,2026-05-28,2,0,3,0,0,12,1,0.39892653323604604,0,FAIBLE
USR_INF_20,2026-05-29,4,0,223,0,0,15,1,0.5121454278620101,0,MOYEN
USR_MED_01,2026-04-15,1,1,10,0,0,0,1,0.5261722319546541,0,MOYEN
USR_MED_01,2026-04-16,1,0,3,0,0,0,1,0.4116720508678029,0,FAIBLE
USR_MED_01,2026-04-17,6,1,34,0,0,9,1,0.4302170944740916,0,FAIBLE
USR_MED_01,2026-04-18,4,0,11,0,4,10,1,0.4091737117959523,0,FAIBLE
USR_MED_01,2026-04-19,5,0,17,0,5,6,1,0.4361554298510246,0,FAIBLE
USR_MED_01,2026-04-20,3,0,3,0,0,7,1,0.3585151106236297,0,FAIBLE
USR_MED_01,2026-04-21,3,0,246,0,0,2,1,0.4939731061488388,0,MOYEN
USR_MED_01,2026-04-22,2,0,5,0,0,2,1,0.3767627191286141,0,FAIBLE
USR_MED_01,2026-04-23,2,0,324,0,0,1,1,0.5240568100305895,0,MOYEN
USR_MED_01,2026-04-24,7,1,14,0,0,8,1,0.42209179764223814,0,FAIBLE
USR_MED_01,2026-04-25,4,0,14,0,4,7,1,0.41015809612353815,0,FAIBLE
USR_MED_01,2026-04-26,3,0,6,0,3,5,1,0.41427021009996756,0,FAIBLE
USR_MED_01,2026-04-27,4,0,11,0,0,7,1,0.35487374206880257,0,FAIBLE
USR_MED_01,2026-04-28,3,0,8,0,0,2,1,0.3807589973357433,0,FAIBLE
USR_MED_01,2026-04-29,5,0,12,1,0,16,1,0.46108995490793075,0,MOYEN
USR_MED_01,2026-04-30,2,0,6,1,0,5,1,0.5090594319638603,0,MOYEN
USR_MED_01,2026-05-01,4,0,14,0,0,2,1,0.3976797913036233,0,FAIBLE
USR_MED_01,2026-05-02,2,1,5,0,2,2,1,0.5212325084971589,0,MOYEN
USR_MED_01,2026-05-03,4,0,13,0,4,4,1,0.43149993422866684,0,FAIBLE
USR_MED_01,2026-05-04,4,1,13,0,0,5,1,0.42023053188256226,0,FAIBLE
USR_MED_01,2026-05-05,3,0,13,0,0,4,1,0.3711470738529255,0,FAIBLE
USR_MED_01,2026-05-06,2,0,2,0,0,2,1,0.3812325566386182,0,FAIBLE
USR_MED_01,2026-05-07,4,0,13,0,0,10,1,0.36250093753970014,0,FAIBLE
USR_MED_01,2026-05-08,8,0,30,2,0,17,-1,0.6323259659288113,1,ÉLEVÉ
USR_MED_01,2026-05-09,4,0,11,0,4,3,1,0.4470079494746344,0,FAIBLE
USR_MED_01,2026-05-10,4,0,10,0,4,4,1,0.42771686878029014,0,FAIBLE
USR_MED_01,2026-05-11,1,0,1,0,0,0,1,0.41776833668568386,0,FAIBLE
USR_MED_01,2026-05-12,9,1,43,1,0,17,-1,0.578044681873516,1,ÉLEVÉ
USR_MED_01,2026-05-13,2,0,4,0,0,8,1,0.36813017570866,0,FAIBLE
USR_MED_01,2026-05-14,4,0,8,0,0,5,1,0.35922814759785604,0,FAIBLE
USR_MED_01,2026-05-15,6,0,20,0,0,9,1,0.3771638898603802,0,FAIBLE
USR_MED_01,2026-05-16,5,0,433,0,5,7,-1,0.555576071653655,1,ÉLEVÉ
USR_MED_01,2026-05-18,3,0,5,0,0,5,1,0.35882916015392874,0,FAIBLE
USR_MED_01,2026-05-19,1,0,5,0,0,0,1,0.4236225547944783,0,FAIBLE
USR_MED_01,2026-05-20,3,1,11,0,0,8,1,0.419689646182137,0,FAIBLE
USR_MED_01,2026-05-21,2,0,4,0,0,4,1,0.3714414387852892,0,FAIBLE
USR_MED_01,2026-05-22,5,1,11,0,0,7,1,0.4114200895603027,0,FAIBLE
USR_MED_01,2026-05-23,6,0,21,0,6,10,1,0.466372922629673,0,MOYEN
USR_MED_01,2026-05-24,2,0,9,0,2,4,1,0.4271195754488293,0,FAIBLE
USR_MED_01,2026-05-25,4,0,19,1,0,18,1,0.5114786668546915,0,MOYEN
USR_MED_01,2026-05-26,7,0,17,1,0,14,1,0.4866069427653267,0,MOYEN
USR_MED_01,2026-05-27,8,0,25,0,0,10,1,0.4222693570535415,0,FAIBLE
USR_MED_01,2026-05-28,2,0,8,0,0,3,1,0.373340740316039,0,FAIBLE
USR_MED_01,2026-05-29,1,0,1,0,0,0,1,0.41776833668568386,0,FAIBLE
USR_MED_02,2026-04-15,4,0,12,0,0,7,1,0.35579879903220313,0,FAIBLE
USR_MED_02,2026-04-16,2,0,358,0,0,1,1,0.5354352867120156,0,MOYEN
USR_MED_02,2026-04-17,3,0,10,0,0,6,1,0.3592585217445689,0,FAIBLE
USR_MED_02,2026-04-18,2,0,4,0,2,0,1,0.4717292760353455,0,MOYEN
USR_MED_02,2026-04-19,5,0,12,0,5,10,1,0.4219957285500938,0,FAIBLE
USR_MED_02,2026-04-20,1,0,5,0,0,0,1,0.4236225547944783,0,FAIBLE
USR_MED_02,2026-04-21,2,0,8,0,0,3,1,0.373340740316039,0,FAIBLE
USR_MED_02,2026-04-22,5,1,285,0,0,7,1,0.5028186956264774,0,MOYEN
USR_MED_02,2026-04-23,4,1,31,0,0,5,1,0.4377069940691303,0,FAIBLE
USR_MED_02,2026-04-24,3,0,7,1,0,15,1,0.48051968169972703,0,MOYEN
USR_MED_02,2026-04-25,2,0,5,0,2,2,1,0.43275361043563015,0,FAIBLE
USR_MED_02,2026-04-26,6,1,27,0,6,10,1,0.5220331905551189,0,MOYEN
USR_MED_02,2026-04-27,4,0,13,0,0,8,1,0.35659900275999373,0,FAIBLE
USR_MED_02,2026-04-28,4,0,16,0,0,8,1,0.3614859287742044,0,FAIBLE
USR_MED_02,2026-04-29,8,1,52,1,0,16,-1,0.5732680014316947,1,ÉLEVÉ
USR_MED_02,2026-04-30,4,0,10,0,0,4,1,0.366453075454582,0,FAIBLE
USR_MED_02,2026-05-01,3,0,10,0,0,3,1,0.37221371697236344,0,FAIBLE
USR_MED_02,2026-05-02,2,0,8,0,2,5,1,0.41894530260560975,0,FAIBLE
USR_MED_02,2026-05-03,1,0,1,0,1,0,1,0.4689762966836789,0,MOYEN
USR_MED_02,2026-05-04,7,0,22,0,0,11,1,0.40678832519898284,0,FAIBLE
USR_MED_02,2026-05-05,5,0,14,1,0,14,1,0.45449031929375183,0,MOYEN
USR_MED_02,2026-05-07,2,0,5,0,0,5,1,0.3673897785646021,0,FAIBLE
USR_MED_02,2026-05-08,6,0,17,1,0,16,1,0.4785873367162497,0,MOYEN
USR_MED_02,2026-05-09,2,0,6,0,2,3,1,0.427551903095529,0,FAIBLE
USR_MED_02,2026-05-10,1,0,2,0,1,0,1,0.46306085253922974,0,MOYEN
USR_MED_02,2026-05-11,4,0,14,1,0,16,1,0.46862384238169685,0,MOYEN
USR_MED_02,2026-05-12,2,1,4,0,0,10,1,0.4496413213148011,0,FAIBLE
USR_MED_02,2026-05-13,5,0,10,1,0,17,1,0.4684228495180337,0,MOYEN
USR_MED_02,2026-05-14,2,0,9,0,0,6,1,0.3687975283163235,0,FAIBLE
USR_MED_02,2026-05-15,3,0,11,1,0,18,1,0.5161969827151863,0,MOYEN
USR_MED_02,2026-05-16,3,0,12,0,3,8,1,0.4055940012901419,0,FAIBLE
USR_MED_02,2026-05-17,6,1,30,0,6,7,1,0.517024382376017,0,MOYEN
USR_MED_02,2026-05-18,2,0,7,0,0,5,1,0.36515184943886814,0,FAIBLE
USR_MED_02,2026-05-19,5,0,12,1,0,17,1,0.46989160734717217,0,MOYEN
USR_MED_02,2026-05-20,7,0,26,1,0,18,1,0.5336566483355012,0,MOYEN
USR_MED_02,2026-05-21,6,0,15,0,0,9,1,0.368688948539947,0,FAIBLE
USR_MED_02,2026-05-22,8,0,23,0,0,11,1,0.4228807330164423,0,FAIBLE
USR_MED_02,2026-05-23,5,0,17,0,5,6,1,0.4361554298510246,0,FAIBLE
USR_MED_02,2026-05-24,2,0,7,0,2,8,1,0.4112262024499553,0,FAIBLE
USR_MED_02,2026-05-25,4,0,15,0,0,9,1,0.36068447603535314,0,FAIBLE
USR_MED_02,2026-05-26,5,0,10,0,0,9,1,0.3573383643657771,0,FAIBLE
USR_MED_02,2026-05-27,5,0,10,1,0,14,1,0.4524147503899947,0,MOYEN
USR_MED_02,2026-05-28,4,0,12,0,0,10,1,0.36018165211087,0,FAIBLE
USR_MED_02,2026-05-29,5,0,18,0,0,11,1,0.3792155982808985,0,FAIBLE
USR_MED_03,2026-04-15,4,0,11,1,0,15,1,0.46305962390228894,0,MOYEN
USR_MED_03,2026-04-16,3,0,11,0,0,4,1,0.36825655339316044,0,FAIBLE
USR_MED_03,2026-04-17,4,0,12,0,0,8,1,0.35517731236995936,0,FAIBLE
USR_MED_03,2026-04-18,5,2,57,0,5,7,-1,0.5999023105959105,1,ÉLEVÉ
USR_MED_03,2026-04-19,4,0,14,0,4,9,1,0.40713384503050126,0,FAIBLE
USR_MED_03,2026-04-20,1,0,3,0,0,0,1,0.4116720508678029,0,FAIBLE
USR_MED_03,2026-04-21,3,0,9,1,0,7,1,0.4857558129673691,0,MOYEN
USR_MED_03,2026-04-22,6,0,22,1,0,16,1,0.4860274716789656,0,MOYEN
USR_MED_03,2026-04-23,5,0,15,1,0,14,1,0.45885981318831104,0,MOYEN
USR_MED_03,2026-04-24,6,0,15,0,0,7,1,0.3736415960999298,0,FAIBLE
USR_MED_03,2026-04-25,6,1,31,0,6,10,1,0.5265021337482823,0,MOYEN
USR_MED_03,2026-04-26,5,1,32,0,5,9,1,0.4995512382282742,0,MOYEN
USR_MED_03,2026-04-27,4,0,12,0,0,6,1,0.3597044429567277,0,FAIBLE
USR_MED_03,2026-04-28,5,0,18,0,0,9,1,0.3684269622183148,0,FAIBLE
USR_MED_03,2026-04-29,2,0,7,0,0,5,1,0.36515184943886814,0,FAIBLE
USR_MED_03,2026-04-30,3,1,7,0,0,6,1,0.42240569865463756,0,FAIBLE
USR_MED_03,2026-05-01,7,0,16,0,0,9,1,0.38298747141893763,0,FAIBLE
USR_MED_03,2026-05-02,2,0,9,0,2,10,1,0.42644457567179267,0,FAIBLE
USR_MED_03,2026-05-03,4,0,11,0,4,9,1,0.4030193620177992,0,FAIBLE
USR_MED_03,2026-05-04,5,0,17,0,0,10,1,0.37203192123175605,0,FAIBLE
USR_MED_03,2026-05-05,4,0,14,0,0,10,1,0.36607673569015364,0,FAIBLE
USR_MED_03,2026-05-06,3,0,8,0,0,2,1,0.3807589973357433,0,FAIBLE
USR_MED_03,2026-05-07,2,0,10,0,0,6,1,0.3707936089261222,0,FAIBLE
USR_MED_03,2026-05-08,2,0,2,0,0,5,1,0.3731766312108229,0,FAIBLE
USR_MED_03,2026-05-09,4,1,9,0,4,8,1,0.46611936739439364,0,MOYEN
USR_MED_03,2026-05-10,2,0,5,0,2,5,1,0.41728595915927186,0,FAIBLE
USR_MED_03,2026-05-11,5,0,19,0,0,9,1,0.37249024622936494,0,FAIBLE
USR_MED_03,2026-05-12,4,0,426,0,0,9,1,0.49489619946022345,0,MOYEN
USR_MED_03,2026-05-13,5,0,14,0,0,9,1,0.3628905652885485,0,FAIBLE
USR_MED_03,2026-05-14,2,0,8,0,0,0,1,0.42282719352530457,0,FAIBLE
USR_MED_03,2026-05-15,4,0,14,1,0,10,1,0.4727994478654817,0,MOYEN
USR_MED_03,2026-05-16,2,0,5,0,2,7,1,0.4107962649608647,0,FAIBLE
USR_MED_03,2026-05-17,3,0,10,0,3,3,1,0.43806350742090466,0,FAIBLE
USR_MED_03,2026-05-18,7,0,329,0,0,10,1,0.4767417822548169,0,MOYEN
USR_MED_03,2026-05-19,5,0,12,1,0,17,1,0.46989160734717217,0,MOYEN
USR_MED_03,2026-05-20,4,0,17,0,0,7,1,0.36483772582173035,0,FAIBLE
USR_MED_03,2026-05-21,3,0,11,0,0,2,1,0.3865773285413215,0,FAIBLE
USR_MED_03,2026-05-22,5,0,19,0,0,7,1,0.37446872278010324,0,FAIBLE
USR_MED_03,2026-05-23,2,0,5,1,2,16,-1,0.5471704316730432,1,MOYEN
USR_MED_03,2026-05-24,2,0,7,0,2,2,1,0.4358122385352814,0,FAIBLE
USR_MED_03,2026-05-25,8,0,25,0,0,10,1,0.4222693570535415,0,FAIBLE
USR_MED_03,2026-05-27,5,0,12,0,0,9,1,0.3573576876968847,0,FAIBLE
USR_MED_03,2026-05-28,2,0,6,0,0,5,1,0.3663049940141392,0,FAIBLE
USR_MED_03,2026-05-29,5,0,14,0,0,4,1,0.3819612372510939,0,FAIBLE
USR_MED_04,2026-04-15,2,0,361,1,0,7,-1,0.5903387070274366,1,ÉLEVÉ
USR_MED_04,2026-04-16,6,0,22,0,0,9,1,0.3796843262059528,0,FAIBLE
USR_MED_04,2026-04-17,5,0,15,0,0,6,1,0.3716792122659094,0,FAIBLE
USR_MED_04,2026-04-18,3,0,10,0,3,2,1,0.44740253835775334,0,FAIBLE
USR_MED_04,2026-04-19,3,0,8,0,3,5,1,0.41360288940891304,0,FAIBLE
USR_MED_04,2026-04-20,2,0,6,0,0,5,1,0.3663049940141392,0,FAIBLE
USR_MED_04,2026-04-21,5,0,12,0,0,9,1,0.3573576876968847,0,FAIBLE
USR_MED_04,2026-04-22,4,0,18,0,0,11,1,0.37585876678340424,0,FAIBLE
USR_MED_04,2026-04-23,3,0,9,0,0,10,1,0.36137766854794773,0,FAIBLE
USR_MED_04,2026-04-25,3,0,8,0,3,5,1,0.41360288940891304,0,FAIBLE
USR_MED_04,2026-04-26,2,0,5,0,2,10,1,0.4218133153865294,0,FAIBLE
USR_MED_04,2026-04-27,2,1,17,1,0,12,-1,0.5447949469260734,1,MOYEN
USR_MED_04,2026-04-28,1,0,4,0,0,0,1,0.41958352483294414,0,FAIBLE
USR_MED_04,2026-04-29,6,0,20,0,0,7,1,0.3816695458538495,0,FAIBLE
USR_MED_04,2026-04-30,1,0,4,0,0,0,1,0.41958352483294414,0,FAIBLE
USR_MED_04,2026-05-01,4,0,15,0,0,3,1,0.3840759130246305,0,FAIBLE
USR_MED_04,2026-05-02,1,0,5,0,1,0,1,0.47326907497473375,0,MOYEN
USR_MED_04,2026-05-03,2,0,9,0,2,8,1,0.4150780839312805,0,FAIBLE
USR_MED_04,2026-05-04,4,1,11,0,0,9,1,0.4109541558091196,0,FAIBLE
USR_MED_04,2026-05-05,10,1,493,0,0,10,-1,0.6006810774017026,1,ÉLEVÉ
USR_MED_04,2026-05-06,5,1,29,0,0,7,1,0.42398249009665995,0,FAIBLE
USR_MED_04,2026-05-07,5,0,14,1,0,17,1,0.47041525382087435,0,MOYEN
USR_MED_04,2026-05-09,4,0,360,0,4,7,1,0.5236864496707577,0,MOYEN
USR_MED_04,2026-05-10,3,0,12,0,3,6,1,0.41376955560663553,0,FAIBLE
USR_MED_04,2026-05-11,4,0,11,0,0,6,1,0.35926924301440766,0,FAIBLE
USR_MED_04,2026-05-12,2,0,4,1,0,15,1,0.5074549722296738,0,MOYEN
USR_MED_04,2026-05-14,3,0,8,0,0,6,1,0.3566133792958053,0,FAIBLE
USR_MED_04,2026-05-15,6,0,21,0,0,10,1,0.38908524007288153,0,FAIBLE
USR_MED_04,2026-05-16,7,1,259,0,7,9,-1,0.5778029780823762,1,ÉLEVÉ
USR_MED_04,2026-05-17,2,1,21,0,2,1,-1,0.5475718101269803,1,MOYEN
USR_MED_04,2026-05-18,2,0,3,0,0,7,1,0.3715793138053962,0,FAIBLE
USR_MED_04,2026-05-19,3,0,502,0,0,5,-1,0.5426850886423468,1,MOYEN
USR_MED_04,2026-05-20,4,0,7,0,0,11,1,0.3619797085265362,0,FAIBLE
USR_MED_04,2026-05-21,2,0,209,1,0,15,-1,0.5751952052059051,1,ÉLEVÉ
USR_MED_04,2026-05-22,1,0,5,0,0,0,1,0.4236225547944783,0,FAIBLE
USR_MED_04,2026-05-23,1,0,5,0,1,0,1,0.47326907497473375,0,MOYEN
USR_MED_04,2026-05-24,3,0,11,0,3,8,1,0.40576495470757407,0,FAIBLE
USR_MED_04,2026-05-25,3,0,4,0,0,4,1,0.3641437374684767,0,FAIBLE
USR_MED_04,2026-05-26,5,0,15,0,0,5,1,0.37622555718507217,0,FAIBLE
USR_MED_04,2026-05-27,1,0,3,0,0,0,1,0.4116720508678029,0,FAIBLE
USR_MED_04,2026-05-29,3,0,14,0,0,8,1,0.36482819669219246,0,FAIBLE
USR_MED_05,2026-04-15,3,0,8,0,0,7,1,0.35360598355873424,0,FAIBLE
USR_MED_05,2026-04-16,5,0,17,1,0,18,1,0.5001739231534174,0,MOYEN
USR_MED_05,2026-04-17,7,1,22,0,0,7,1,0.4264986952914196,0,FAIBLE
USR_MED_05,2026-04-18,4,0,15,0,4,10,1,0.41469375672555026,0,FAIBLE
USR_MED_05,2026-04-19,3,0,7,0,3,6,1,0.40726696839716686,0,FAIBLE
USR_MED_05,2026-04-20,6,1,47,0,0,8,1,0.4487888935734904,0,FAIBLE
USR_MED_05,2026-04-21,5,0,13,0,0,5,1,0.3701015848878726,0,FAIBLE
USR_MED_05,2026-04-22,5,1,43,1,0,11,-1,0.5433281844207599,1,MOYEN
USR_MED_05,2026-04-23,4,0,14,0,0,7,1,0.3608910174254845,0,FAIBLE
USR_MED_05,2026-04-24,2,0,9,0,0,3,1,0.3771154232661196,0,FAIBLE
USR_MED_05,2026-04-25,4,0,16,0,4,11,1,0.4195908598150603,0,FAIBLE
USR_MED_05,2026-04-27,7,1,586,1,0,15,-1,0.6484592701249586,1,ÉLEVÉ
USR_MED_05,2026-04-28,10,0,447,0,0,11,-1,0.5655838739283947,1,ÉLEVÉ
USR_MED_05,2026-04-29,4,0,17,0,0,4,1,0.3790676051138683,0,FAIBLE
USR_MED_05,2026-04-30,4,0,13,0,0,7,1,0.3573305908174791,0,FAIBLE
USR_MED_05,2026-05-01,6,0,18,0,0,9,1,0.37230650494549655,0,FAIBLE
USR_MED_05,2026-05-02,6,1,44,0,6,6,1,0.5375932795261016,0,MOYEN
USR_MED_05,2026-05-03,4,0,9,0,4,7,1,0.4044288168725455,0,FAIBLE
USR_MED_05,2026-05-04,2,0,9,0,0,3,1,0.3771154232661196,0,FAIBLE
USR_MED_05,2026-05-05,3,0,9,0,0,6,1,0.3572392120371461,0,FAIBLE
USR_MED_05,2026-05-06,2,0,4,0,0,1,1,0.38802349371548617,0,FAIBLE
USR_MED_05,2026-05-07,2,0,8,0,0,3,1,0.373340740316039,0,FAIBLE
USR_MED_05,2026-05-08,4,0,17,0,0,10,1,0.36920352450292987,0,FAIBLE
USR_MED_05,2026-05-10,6,0,15,0,6,9,1,0.44836558129504206,0,FAIBLE
USR_MED_05,2026-05-11,6,0,21,0,0,6,1,0.39332387738802754,0,FAIBLE
USR_MED_05,2026-05-12,5,0,15,0,0,9,1,0.36353841280729854,0,FAIBLE
USR_MED_05,2026-05-13,6,0,16,0,0,9,1,0.36919226901081664,0,FAIBLE
USR_MED_05,2026-05-14,4,0,15,0,0,7,1,0.361126874577354,0,FAIBLE
USR_MED_05,2026-05-15,7,0,17,0,0,10,1,0.392509072969323,0,FAIBLE
USR_MED_05,2026-05-16,2,0,6,0,2,10,1,0.42205500014974173,0,FAIBLE
USR_MED_05,2026-05-17,7,0,24,0,7,8,1,0.4877835732748015,0,MOYEN
USR_MED_05,2026-05-18,7,0,19,0,0,7,1,0.3955094811746612,0,FAIBLE
USR_MED_05,2026-05-19,6,0,19,0,0,9,1,0.37641257541234424,0,FAIBLE
USR_MED_05,2026-05-20,2,0,7,0,0,5,1,0.36515184943886814,0,FAIBLE
USR_MED_05,2026-05-21,1,0,3,0,0,0,1,0.4116720508678029,0,FAIBLE
USR_MED_05,2026-05-22,2,0,2,0,0,3,1,0.3759133768853762,0,FAIBLE
USR_MED_05,2026-05-23,1,0,3,0,1,0,1,0.45982404324193504,0,MOYEN
USR_MED_05,2026-05-24,2,0,6,0,2,2,1,0.4352185277169388,0,FAIBLE
USR_MED_05,2026-05-25,4,0,11,0,0,5,1,0.3620492388988007,0,FAIBLE
USR_MED_05,2026-05-26,3,0,6,0,0,4,1,0.36162950051684684,0,FAIBLE
USR_MED_05,2026-05-27,3,0,9,0,0,3,1,0.3706864056704175,0,FAIBLE
USR_MED_05,2026-05-28,2,0,5,0,0,4,1,0.37026171638948085,0,FAIBLE
USR_MED_05,2026-05-29,3,0,9,0,0,3,1,0.3706864056704175,0,FAIBLE
USR_MED_06,2026-04-15,3,0,7,0,0,3,1,0.36737542551525715,0,FAIBLE
USR_MED_06,2026-04-16,6,0,21,0,0,8,1,0.3814166754659508,0,FAIBLE
USR_MED_06,2026-04-17,1,0,4,0,0,0,1,0.41958352483294414,0,FAIBLE
USR_MED_06,2026-04-18,3,0,9,0,3,3,1,0.43702564699441915,0,FAIBLE
USR_MED_06,2026-04-19,4,0,11,0,4,9,1,0.4030193620177992,0,FAIBLE
USR_MED_06,2026-04-20,3,0,8,0,0,8,1,0.35352823876417006,0,FAIBLE
USR_MED_06,2026-04-21,4,0,13,0,0,11,1,0.36831046424099234,0,FAIBLE
USR_MED_06,2026-04-22,9,0,24,0,0,10,1,0.4368486490103809,0,FAIBLE
USR_MED_06,2026-04-23,3,0,12,0,0,7,1,0.3594888882432185,0,FAIBLE
USR_MED_06,2026-04-24,6,0,18,1,0,18,1,0.507957356551278,0,MOYEN
USR_MED_06,2026-04-25,3,0,12,0,3,9,1,0.4056248173418403,0,FAIBLE
USR_MED_06,2026-04-26,3,1,11,0,3,6,1,0.48417215946766107,0,MOYEN
USR_MED_06,2026-04-27,4,0,9,0,0,7,1,0.3526219140812,0,FAIBLE
USR_MED_06,2026-04-28,3,0,9,0,0,5,1,0.3575829829311962,0,FAIBLE
USR_MED_06,2026-04-29,7,0,21,0,0,9,1,0.3945578177023012,0,FAIBLE
USR_MED_06,2026-04-30,6,0,18,0,0,7,1,0.37711851796236817,0,FAIBLE
USR_MED_06,2026-05-01,1,0,2,0,0,0,1,0.41160178371851236,0,FAIBLE
USR_MED_06,2026-05-02,4,0,9,1,4,15,1,0.5353750898716887,0,MOYEN
USR_MED_06,2026-05-03,6,0,19,1,6,12,-1,0.554038062762297,1,ÉLEVÉ
USR_MED_06,2026-05-04,3,0,11,0,0,9,1,0.3591715261061662,0,FAIBLE
USR_MED_06,2026-05-05,7,1,23,0,0,9,1,0.4238800346666871,0,FAIBLE
USR_MED_06,2026-05-06,6,0,25,0,0,11,1,0.39791219908752595,0,FAIBLE
USR_MED_06,2026-05-07,5,0,19,0,0,8,1,0.37155882601065443,0,FAIBLE
USR_MED_06,2026-05-08,4,0,10,0,0,4,1,0.366453075454582,0,FAIBLE
USR_MED_06,2026-05-09,6,0,16,0,6,8,1,0.4506620064374187,0,MOYEN
USR_MED_06,2026-05-10,2,0,8,0,2,1,1,0.4498666915147247,0,FAIBLE
USR_MED_06,2026-05-11,4,0,11,1,0,15,1,0.46305962390228894,0,MOYEN
USR_MED_06,2026-05-12,5,0,17,0,0,6,1,0.3750110729875073,0,FAIBLE
USR_MED_06,2026-05-13,6,0,20,0,0,3,1,0.41530035217794264,0,FAIBLE
USR_MED_06,2026-05-14,4,0,10,0,0,5,1,0.36113053163364056,0,FAIBLE
USR_MED_06,2026-05-15,5,0,15,0,0,10,1,0.36888431634822405,0,FAIBLE
USR_MED_06,2026-05-16,4,0,6,0,4,11,1,0.41256359717162544,0,FAIBLE
USR_MED_06,2026-05-17,3,0,9,0,3,3,1,0.43702564699441915,0,FAIBLE
USR_MED_06,2026-05-18,3,0,13,0,0,1,1,0.40313253821610645,0,FAIBLE
USR_MED_06,2026-05-19,4,0,14,0,0,10,1,0.36607673569015364,0,FAIBLE
USR_MED_06,2026-05-20,2,1,21,0,0,9,1,0.4438881947701481,0,FAIBLE
USR_MED_06,2026-05-21,3,0,10,0,0,6,1,0.3592585217445689,0,FAIBLE
USR_MED_06,2026-05-22,3,0,7,0,0,8,1,0.3530043469634912,0,FAIBLE
USR_MED_06,2026-05-23,5,0,16,1,5,15,-1,0.5453055202396021,1,MOYEN
USR_MED_06,2026-05-24,4,1,10,0,4,8,1,0.4652165301330376,0,MOYEN
USR_MED_06,2026-05-25,3,0,8,0,0,5,1,0.35680180627264835,0,FAIBLE
USR_MED_06,2026-05-26,2,0,7,0,0,7,1,0.36620253386692025,0,FAIBLE
USR_MED_06,2026-05-27,7,2,33,0,0,9,1,0.5268988248940197,0,MOYEN
USR_MED_06,2026-05-28,2,0,3,0,0,0,1,0.41641487525493387,0,FAIBLE
USR_MED_06,2026-05-29,5,1,16,0,0,9,1,0.4107137853008118,0,FAIBLE
USR_MED_07,2026-04-15,2,0,2,1,0,14,1,0.5006033752458442,0,MOYEN
USR_MED_07,2026-04-16,4,0,13,1,0,16,1,0.46749959808506625,0,MOYEN
USR_MED_07,2026-04-17,4,0,358,0,0,2,1,0.5118139116306225,0,MOYEN
USR_MED_07,2026-04-18,2,0,8,0,2,1,1,0.4498666915147247,0,FAIBLE
USR_MED_07,2026-04-19,2,0,9,0,2,1,1,0.45270697958306666,0,MOYEN
USR_MED_07,2026-04-20,4,0,728,0,0,10,-1,0.55970565136238,1,ÉLEVÉ
USR_MED_07,2026-04-21,5,0,16,0,0,10,1,0.3698150033151747,0,FAIBLE
USR_MED_07,2026-04-22,1,0,1,0,0,0,1,0.41776833668568386,0,FAIBLE
USR_MED_07,2026-04-23,3,0,13,0,0,4,1,0.3711470738529255,0,FAIBLE
USR_MED_07,2026-04-24,6,0,18,0,0,8,1,0.3737449655426884,0,FAIBLE
USR_MED_07,2026-04-25,7,1,44,0,7,10,-1,0.5496091052538236,1,MOYEN
USR_MED_07,2026-04-26,3,0,361,0,3,3,-1,0.5609001401061366,1,ÉLEVÉ
USR_MED_07,2026-04-27,2,0,6,0,0,1,1,0.38865109566523864,0,FAIBLE
USR_MED_07,2026-04-28,4,1,30,0,0,6,1,0.4314392142461601,0,FAIBLE
USR_MED_07,2026-04-29,1,0,1,0,0,0,1,0.41776833668568386,0,FAIBLE
USR_MED_07,2026-05-01,5,1,16,0,0,11,1,0.42943476618667326,0,FAIBLE
USR_MED_07,2026-05-02,4,0,12,0,4,2,1,0.4612296792877736,0,MOYEN
USR_MED_07,2026-05-03,5,1,15,0,5,6,1,0.488571813130878,0,MOYEN
USR_MED_07,2026-05-04,5,0,15,0,0,11,1,0.3751416960890063,0,FAIBLE
USR_MED_07,2026-05-05,3,0,394,0,0,2,1,0.5285726960866626,0,MOYEN
USR_MED_07,2026-05-06,3,0,4,1,0,15,1,0.4885636081453443,0,MOYEN
USR_MED_07,2026-05-07,2,0,6,0,0,3,1,0.37163676499708725,0,FAIBLE
USR_MED_07,2026-05-08,5,0,327,0,0,6,1,0.46327885041087435,0,MOYEN
USR_MED_07,2026-05-09,3,0,6,0,3,4,1,0.4190661991558401,0,FAIBLE
USR_MED_07,2026-05-10,4,0,414,0,4,5,-1,0.5546324188701527,1,ÉLEVÉ
USR_MED_07,2026-05-11,6,0,21,0,0,8,1,0.3814166754659508,0,FAIBLE
USR_MED_07,2026-05-12,4,0,17,0,0,9,1,0.36384450144696345,0,FAIBLE
USR_MED_07,2026-05-13,2,1,27,0,0,8,1,0.44732453961166213,0,FAIBLE
USR_MED_07,2026-05-14,4,1,31,0,0,8,1,0.4223481943598066,0,FAIBLE
USR_MED_07,2026-05-15,3,0,7,0,0,7,1,0.3530819765484172,0,FAIBLE
USR_MED_07,2026-05-16,5,0,297,0,5,5,1,0.5416765745816616,0,MOYEN
USR_MED_07,2026-05-17,3,0,8,0,3,8,1,0.39966263858062284,0,FAIBLE
USR_MED_07,2026-05-18,5,0,8,0,0,6,1,0.3634684897383071,0,FAIBLE
USR_MED_07,2026-05-19,4,1,42,1,0,14,1,0.5375689957965002,0,MOYEN
USR_MED_07,2026-05-20,2,0,10,0,0,4,1,0.3744597555040014,0,FAIBLE
USR_MED_07,2026-05-21,4,0,11,0,0,11,1,0.3644439530035662,0,FAIBLE
USR_MED_07,2026-05-22,4,0,397,0,0,4,1,0.4960643959026454,0,MOYEN
USR_MED_07,2026-05-23,3,0,7,0,3,5,1,0.4137015251684859,0,FAIBLE
USR_MED_07,2026-05-24,5,0,16,0,5,2,1,0.49012013266893817,0,MOYEN
USR_MED_07,2026-05-25,4,0,287,0,0,7,1,0.44889800276279407,0,FAIBLE
USR_MED_07,2026-05-26,4,1,21,0,0,8,1,0.41233851833117574,0,FAIBLE
USR_MED_07,2026-05-27,2,0,7,0,0,2,1,0.3778804195067209,0,FAIBLE
USR_MED_07,2026-05-28,3,0,11,0,0,8,1,0.3588622828723327,0,FAIBLE
USR_MED_07,2026-05-29,2,1,15,0,0,6,1,0.4411664585342128,0,FAIBLE
USR_MED_08,2026-04-15,2,0,6,0,0,2,1,0.37726641733515015,0,FAIBLE
USR_MED_08,2026-04-17,3,0,10,0,0,10,1,0.363093864420536,0,FAIBLE
USR_MED_08,2026-04-18,4,1,28,0,4,5,1,0.5011686100616025,0,MOYEN
USR_MED_08,2026-04-19,4,0,12,0,4,11,1,0.41216728960141963,0,FAIBLE
USR_MED_08,2026-04-20,5,0,17,0,0,10,1,0.37203192123175605,0,FAIBLE
USR_MED_08,2026-04-21,5,0,13,0,0,8,1,0.35915342174576564,0,FAIBLE
USR_MED_08,2026-04-22,4,0,10,0,0,6,1,0.35863230926460793,0,FAIBLE
USR_MED_08,2026-04-23,3,0,11,0,0,3,1,0.37564173831344233,0,FAIBLE
USR_MED_08,2026-04-24,2,0,9,0,0,7,1,0.36892232644318257,0,FAIBLE
USR_MED_08,2026-04-25,8,0,26,1,8,16,-1,0.6147669494690859,1,ÉLEVÉ
USR_MED_08,2026-04-26,1,0,4,0,1,0,1,0.4666966735081124,0,MOYEN
USR_MED_08,2026-04-27,2,0,3,0,0,1,1,0.39028028290465955,0,FAIBLE
USR_MED_08,2026-04-28,4,0,14,0,0,8,1,0.3605183725294886,0,FAIBLE
USR_MED_08,2026-04-29,5,0,12,2,0,18,-1,0.6055842967747708,1,ÉLEVÉ
USR_MED_08,2026-04-30,8,3,67,0,0,8,-1,0.5980066389694998,1,ÉLEVÉ
USR_MED_08,2026-05-01,7,0,16,0,0,11,1,0.39419085168376033,0,FAIBLE
USR_MED_08,2026-05-02,3,0,12,0,3,6,1,0.41376955560663553,0,FAIBLE
USR_MED_08,2026-05-03,5,1,17,0,5,9,1,0.4788361492259751,0,MOYEN
USR_MED_08,2026-05-04,5,0,17,0,0,11,1,0.377142933572158,0,FAIBLE
USR_MED_08,2026-05-05,4,0,438,0,0,8,1,0.49556667297801743,0,MOYEN
USR_MED_08,2026-05-06,1,0,1,0,0,0,1,0.41776833668568386,0,FAIBLE
USR_MED_08,2026-05-07,2,0,3,0,0,6,1,0.3723922311998781,0,FAIBLE
USR_MED_08,2026-05-08,3,0,13,0,0,4,1,0.3711470738529255,0,FAIBLE
USR_MED_08,2026-05-09,3,0,7,0,3,10,1,0.40982104910963374,0,FAIBLE
USR_MED_08,2026-05-10,3,0,8,0,3,3,1,0.4335087515201989,0,FAIBLE
USR_MED_08,2026-05-11,2,0,8,0,0,6,1,0.367342683002214,0,FAIBLE
USR_MED_08,2026-05-12,3,0,13,0,0,4,1,0.3711470738529255,0,FAIBLE
USR_MED_08,2026-05-13,3,0,13,0,0,6,1,0.3635793740653987,0,FAIBLE
USR_MED_08,2026-05-14,7,0,371,0,0,10,1,0.48979117410641326,0,MOYEN
USR_MED_08,2026-05-15,4,0,10,0,0,8,1,0.3543967974021053,0,FAIBLE
USR_MED_08,2026-05-16,7,0,20,1,7,15,-1,0.5857244443169909,1,ÉLEVÉ
USR_MED_08,2026-05-17,3,0,5,0,3,3,1,0.4338123685809261,0,FAIBLE
USR_MED_08,2026-05-18,6,0,19,0,0,5,1,0.3945874780451913,0,FAIBLE
USR_MED_08,2026-05-19,4,0,9,0,0,3,1,0.3736461231194034,0,FAIBLE
USR_MED_08,2026-05-20,3,0,8,0,0,6,1,0.3566133792958053,0,FAIBLE
USR_MED_08,2026-05-21,1,0,1,0,0,0,1,0.41776833668568386,0,FAIBLE
USR_MED_08,2026-05-22,5,0,12,0,0,5,1,0.3688779410288131,0,FAIBLE
USR_MED_08,2026-05-23,3,0,12,0,3,9,1,0.4056248173418403,0,FAIBLE
USR_MED_08,2026-05-24,6,0,24,0,6,7,1,0.4664107904433663,0,MOYEN
USR_MED_08,2026-05-25,4,0,10,0,0,8,1,0.3543967974021053,0,FAIBLE
USR_MED_08,2026-05-26,5,0,446,0,0,10,1,0.5073661424445791,0,MOYEN
USR_MED_08,2026-05-27,5,0,18,0,0,9,1,0.3684269622183148,0,FAIBLE
USR_MED_08,2026-05-28,4,0,12,0,0,10,1,0.36018165211087,0,FAIBLE
USR_MED_08,2026-05-29,6,0,265,0,0,9,1,0.453535613961436,0,MOYEN
USR_MED_09,2026-04-15,2,0,6,0,0,1,1,0.38865109566523864,0,FAIBLE
USR_MED_09,2026-04-16,2,0,8,0,0,3,1,0.373340740316039,0,FAIBLE
USR_MED_09,2026-04-17,2,1,29,0,0,7,1,0.45338544875455006,0,MOYEN
USR_MED_09,2026-04-18,1,0,2,0,1,0,1,0.46306085253922974,0,MOYEN
USR_MED_09,2026-04-19,3,1,20,0,3,7,1,0.48120602066574397,0,MOYEN
USR_MED_09,2026-04-20,2,0,5,0,0,10,1,0.3757611081302579,0,FAIBLE
USR_MED_09,2026-04-21,1,0,5,0,0,0,1,0.4236225547944783,0,FAIBLE
USR_MED_09,2026-04-22,1,0,2,0,0,0,1,0.41160178371851236,0,FAIBLE
USR_MED_09,2026-04-23,3,0,8,0,0,9,1,0.3542886565040564,0,FAIBLE
USR_MED_09,2026-04-25,1,0,2,0,1,0,1,0.46306085253922974,0,MOYEN
USR_MED_09,2026-04-26,6,1,24,0,6,9,1,0.5050889057530235,0,MOYEN
USR_MED_09,2026-04-27,3,0,6,0,0,5,1,0.35722426632565496,0,FAIBLE
USR_MED_09,2026-04-28,4,2,27,0,0,11,1,0.5234811170973506,0,MOYEN
USR_MED_09,2026-04-29,8,1,58,0,0,9,1,0.4705276656321993,0,MOYEN
USR_MED_09,2026-04-30,11,1,56,0,0,9,1,0.5099102529963089,0,MOYEN
USR_MED_09,2026-05-01,2,0,5,0,0,2,1,0.3767627191286141,0,FAIBLE
USR_MED_09,2026-05-02,4,0,13,0,4,6,1,0.4151316654379618,0,FAIBLE
USR_MED_09,2026-05-03,1,0,5,0,1,0,1,0.47326907497473375,0,MOYEN
USR_MED_09,2026-05-04,5,0,15,0,0,6,1,0.3716792122659094,0,FAIBLE
USR_MED_09,2026-05-05,2,0,7,0,0,0,1,0.42016708134547703,0,FAIBLE
USR_MED_09,2026-05-06,8,0,21,0,0,8,1,0.40995325029796936,0,FAIBLE
USR_MED_09,2026-05-07,2,1,257,0,0,0,-1,0.5948158451383682,1,ÉLEVÉ
USR_MED_09,2026-05-09,4,0,6,0,4,10,1,0.40750264519574614,0,FAIBLE
USR_MED_09,2026-05-10,3,0,9,0,3,3,1,0.43702564699441915,0,FAIBLE
USR_MED_09,2026-05-11,3,0,6,0,0,3,1,0.3672734324372137,0,FAIBLE
USR_MED_09,2026-05-12,4,0,5,0,0,8,1,0.3527723263205287,0,FAIBLE
USR_MED_09,2026-05-13,2,0,7,0,0,5,1,0.36515184943886814,0,FAIBLE
USR_MED_09,2026-05-14,3,1,35,0,0,6,1,0.44411794443443214,0,FAIBLE
USR_MED_09,2026-05-15,7,0,10,0,0,11,1,0.3887543030319462,0,FAIBLE
USR_MED_09,2026-05-16,5,0,17,0,5,10,1,0.43159806257437316,0,FAIBLE
USR_MED_09,2026-05-17,5,0,11,0,5,8,1,0.4148974090010241,0,FAIBLE
USR_MED_09,2026-05-18,3,0,11,0,0,5,1,0.3624156392595411,0,FAIBLE
USR_MED_09,2026-05-19,2,0,5,0,0,4,1,0.37026171638948085,0,FAIBLE
USR_MED_09,2026-05-20,3,0,7,0,0,4,1,0.3615032439098497,0,FAIBLE
USR_MED_09,2026-05-21,5,0,12,0,0,10,1,0.36284757174934473,0,FAIBLE
USR_MED_09,2026-05-22,2,0,3,0,0,5,1,0.3712074676794156,0,FAIBLE
USR_MED_09,2026-05-23,5,0,9,0,5,6,1,0.42827241580795955,0,FAIBLE
USR_MED_09,2026-05-24,5,0,13,0,5,9,1,0.41601523574997457,0,FAIBLE
USR_MED_09,2026-05-25,1,0,1,0,0,0,1,0.41776833668568386,0,FAIBLE
USR_MED_09,2026-05-26,2,0,4,0,0,8,1,0.36813017570866,0,FAIBLE
USR_MED_09,2026-05-27,5,1,24,0,0,10,1,0.42415650225862983,0,FAIBLE
USR_MED_09,2026-05-28,3,0,11,0,0,5,1,0.3624156392595411,0,FAIBLE
USR_MED_09,2026-05-29,4,1,21,0,0,10,1,0.4242128387632606,0,FAIBLE
USR_MED_10,2026-04-15,3,0,10,0,0,11,1,0.36990953777559626,0,FAIBLE
USR_MED_10,2026-04-16,4,0,8,0,0,9,1,0.35240158502296365,0,FAIBLE
USR_MED_10,2026-04-17,3,0,12,0,0,7,1,0.3594888882432185,0,FAIBLE
USR_MED_10,2026-04-18,7,0,14,0,7,11,1,0.48997777874087806,0,MOYEN
USR_MED_10,2026-04-19,3,0,11,0,3,7,1,0.4075837978573963,0,FAIBLE
USR_MED_10,2026-04-20,2,0,7,0,0,5,1,0.36515184943886814,0,FAIBLE
USR_MED_10,2026-04-21,5,0,13,0,0,6,1,0.3657222059897495,0,FAIBLE
USR_MED_10,2026-04-22,6,0,306,1,0,17,-1,0.566248158147699,1,ÉLEVÉ
USR_MED_10,2026-04-23,4,0,218,0,0,10,1,0.45678797628612283,0,MOYEN
USR_MED_10,2026-04-24,4,0,13,0,0,7,1,0.3573305908174791,0,FAIBLE
USR_MED_10,2026-04-25,6,0,13,0,6,11,1,0.45858523596697626,0,MOYEN
USR_MED_10,2026-04-26,7,0,17,0,7,9,1,0.4771090540037656,0,MOYEN
USR_MED_10,2026-04-27,4,0,10,0,0,6,1,0.35863230926460793,0,FAIBLE
USR_MED_10,2026-04-28,2,0,7,0,0,4,1,0.3686341101279052,0,FAIBLE
USR_MED_10,2026-04-29,1,0,486,0,0,0,-1,0.5979831035609301,1,ÉLEVÉ
USR_MED_10,2026-04-30,3,0,7,0,0,7,1,0.3530819765484172,0,FAIBLE
USR_MED_10,2026-05-01,6,0,21,0,0,5,1,0.3984717001923364,0,FAIBLE
USR_MED_10,2026-05-02,4,0,13,0,4,11,1,0.4144896166875215,0,FAIBLE
USR_MED_10,2026-05-03,4,1,20,0,4,8,1,0.4680431095164617,0,MOYEN
USR_MED_10,2026-05-04,10,1,265,2,0,14,-1,0.6846842421615302,1,ÉLEVÉ
USR_MED_10,2026-05-05,6,0,17,0,0,11,1,0.38317086807225964,0,FAIBLE
USR_MED_10,2026-05-06,6,0,16,0,0,7,1,0.3741516777414606,0,FAIBLE
USR_MED_10,2026-05-07,5,0,15,0,0,8,1,0.3633850845589349,0,FAIBLE
USR_MED_10,2026-05-08,1,0,4,0,0,0,1,0.41958352483294414,0,FAIBLE
USR_MED_10,2026-05-09,4,0,14,0,4,8,1,0.4077925360728615,0,FAIBLE
USR_MED_10,2026-05-10,2,0,10,0,2,1,1,0.4545130803581063,0,MOYEN
USR_MED_10,2026-05-12,2,0,5,0,0,4,1,0.37026171638948085,0,FAIBLE
USR_MED_10,2026-05-13,3,0,11,0,0,9,1,0.3591715261061662,0,FAIBLE
USR_MED_10,2026-05-14,3,0,9,0,0,5,1,0.3575829829311962,0,FAIBLE
USR_MED_10,2026-05-15,3,0,10,0,0,6,1,0.3592585217445689,0,FAIBLE
USR_MED_10,2026-05-16,6,0,17,0,6,8,1,0.4511512576200747,0,MOYEN
USR_MED_10,2026-05-17,1,0,3,0,1,0,1,0.45982404324193504,0,MOYEN
USR_MED_10,2026-05-18,6,0,20,0,0,11,1,0.3909096592708546,0,FAIBLE
USR_MED_10,2026-05-19,6,1,13,0,0,7,1,0.41197805225875817,0,FAIBLE
USR_MED_10,2026-05-20,4,0,7,0,0,3,1,0.3704340007882171,0,FAIBLE
USR_MED_10,2026-05-21,8,0,21,0,0,6,1,0.42219224916864695,0,FAIBLE
USR_MED_10,2026-05-22,4,0,9,0,0,8,1,0.3525348124569483,0,FAIBLE
USR_MED_10,2026-05-24,5,0,18,0,5,4,1,0.4566323543698127,0,MOYEN
USR_MED_10,2026-05-25,5,0,14,0,0,7,1,0.36555623391210407,0,FAIBLE
USR_MED_10,2026-05-26,4,1,11,0,0,7,1,0.41094045691225745,0,FAIBLE
USR_MED_10,2026-05-27,5,0,330,0,0,5,1,0.4710610323475485,0,MOYEN
USR_MED_10,2026-05-28,7,1,15,0,0,10,1,0.43345312371636985,0,FAIBLE
USR_MED_10,2026-05-29,3,1,26,0,0,7,1,0.42605007766476266,0,FAIBLE
USR_MED_11,2026-04-15,1,0,2,0,0,0,1,0.41160178371851236,0,FAIBLE
USR_MED_11,2026-04-16,5,0,17,0,0,6,1,0.3750110729875073,0,FAIBLE
USR_MED_11,2026-04-17,2,0,5,0,0,0,1,0.41657620189524797,0,FAIBLE
USR_MED_11,2026-04-18,5,0,10,0,5,7,1,0.41958891980370683,0,FAIBLE
USR_MED_11,2026-04-19,2,0,3,0,2,6,1,0.4168994837262838,0,FAIBLE
USR_MED_11,2026-04-20,2,0,5,0,0,4,1,0.37026171638948085,0,FAIBLE
USR_MED_11,2026-04-21,7,0,18,0,0,11,1,0.3973965947152129,0,FAIBLE
USR_MED_11,2026-04-22,3,0,7,0,0,4,1,0.3615032439098497,0,FAIBLE
USR_MED_11,2026-04-23,4,0,341,0,0,9,1,0.4623655761119856,0,MOYEN
USR_MED_11,2026-04-24,3,1,22,0,0,5,1,0.4304994491765128,0,FAIBLE
USR_MED_11,2026-04-25,3,0,8,0,3,3,1,0.4335087515201989,0,FAIBLE
USR_MED_11,2026-04-26,5,0,331,0,5,7,1,0.52714747898143,0,MOYEN
USR_MED_11,2026-04-27,5,0,15,0,0,10,1,0.36888431634822405,0,FAIBLE
USR_MED_11,2026-04-28,6,0,20,0,0,9,1,0.3771638898603802,0,FAIBLE
USR_MED_11,2026-04-29,7,0,26,0,0,4,1,0.43016811459079396,0,FAIBLE
USR_MED_11,2026-04-30,2,0,6,0,0,4,1,0.36906090130012387,0,FAIBLE
USR_MED_11,2026-05-01,3,0,8,0,0,5,1,0.35680180627264835,0,FAIBLE
USR_MED_11,2026-05-02,5,1,19,0,5,5,1,0.49726474428972856,0,MOYEN
USR_MED_11,2026-05-03,3,0,13,0,3,3,1,0.4445600156909808,0,FAIBLE
USR_MED_11,2026-05-04,2,0,4,0,0,1,1,0.38802349371548617,0,FAIBLE
USR_MED_11,2026-05-05,4,0,12,0,0,9,1,0.3549535823610024,0,FAIBLE
USR_MED_11,2026-05-06,7,0,444,0,0,10,1,0.5204417004595804,0,MOYEN
USR_MED_11,2026-05-07,4,0,9,0,0,8,1,0.3525348124569483,0,FAIBLE
USR_MED_11,2026-05-08,2,0,6,0,0,4,1,0.36906090130012387,0,FAIBLE
USR_MED_11,2026-05-09,5,0,16,0,5,6,1,0.4367766658588922,0,FAIBLE
USR_MED_11,2026-05-10,1,0,2,0,1,0,1,0.46306085253922974,0,MOYEN
USR_MED_11,2026-05-11,5,0,20,0,0,6,1,0.3816811605170743,0,FAIBLE
USR_MED_11,2026-05-12,5,0,18,0,0,8,1,0.36804095813860793,0,FAIBLE
USR_MED_11,2026-05-13,1,0,4,0,0,0,1,0.41958352483294414,0,FAIBLE
USR_MED_11,2026-05-14,2,0,5,0,0,1,1,0.3867156839293233,0,FAIBLE
USR_MED_11,2026-05-16,1,0,2,0,1,0,1,0.46306085253922974,0,MOYEN
USR_MED_11,2026-05-17,7,2,49,0,7,3,-1,0.6487553976253861,1,ÉLEVÉ
USR_MED_11,2026-05-18,5,0,15,1,0,18,1,0.49420695994544567,0,MOYEN
USR_MED_11,2026-05-19,3,0,9,0,0,9,1,0.3551534058841919,0,FAIBLE
USR_MED_11,2026-05-20,2,0,4,0,0,6,1,0.36934818938273456,0,FAIBLE
USR_MED_11,2026-05-21,3,0,7,0,0,6,1,0.3560966999032762,0,FAIBLE
USR_MED_11,2026-05-22,4,0,285,0,0,7,1,0.44889800276279407,0,FAIBLE
USR_MED_11,2026-05-23,6,0,19,1,6,15,-1,0.5647610731364897,1,ÉLEVÉ
USR_MED_11,2026-05-24,1,0,2,0,1,0,1,0.46306085253922974,0,MOYEN
USR_MED_11,2026-05-25,1,0,4,0,0,0,1,0.41958352483294414,0,FAIBLE
USR_MED_11,2026-05-26,2,0,6,0,0,4,1,0.36906090130012387,0,FAIBLE
USR_MED_11,2026-05-27,5,0,20,1,0,13,1,0.4715886936620947,0,MOYEN
USR_MED_11,2026-05-28,3,0,6,0,0,8,1,0.3531492269847438,0,FAIBLE
USR_MED_11,2026-05-29,6,1,20,0,0,10,1,0.42436709619486257,0,FAIBLE
USR_MED_12,2026-04-15,1,1,4,0,0,0,1,0.5160768379509177,0,MOYEN
USR_MED_12,2026-04-16,4,0,9,0,0,6,1,0.35698952366467984,0,FAIBLE
USR_MED_12,2026-04-17,10,0,24,1,0,17,-1,0.5562216408505694,1,ÉLEVÉ
USR_MED_12,2026-04-18,4,0,13,0,4,10,1,0.4113755483711454,0,FAIBLE
USR_MED_12,2026-04-19,1,0,5,0,1,0,1,0.47326907497473375,0,MOYEN
USR_MED_12,2026-04-20,3,0,8,0,0,8,1,0.35352823876417006,0,FAIBLE
USR_MED_12,2026-04-22,1,0,1,0,0,0,1,0.41776833668568386,0,FAIBLE
USR_MED_12,2026-04-23,4,0,9,0,0,8,1,0.3525348124569483,0,FAIBLE
USR_MED_12,2026-04-24,2,0,7,0,0,4,1,0.3686341101279052,0,FAIBLE
USR_MED_12,2026-04-25,4,0,389,0,4,6,1,0.5373897961118091,0,MOYEN
USR_MED_12,2026-04-26,4,0,11,0,4,7,1,0.40617442561934813,0,FAIBLE
USR_MED_12,2026-04-27,2,0,6,0,0,5,1,0.3663049940141392,0,FAIBLE
USR_MED_12,2026-04-28,4,0,355,0,0,9,1,0.465019405712956,0,MOYEN
USR_MED_12,2026-04-29,4,0,227,0,0,10,1,0.45631285063586613,0,MOYEN
USR_MED_12,2026-04-30,4,0,14,0,0,7,1,0.3608910174254845,0,FAIBLE
USR_MED_12,2026-05-01,3,1,18,0,0,1,1,0.4872090437840316,0,MOYEN
USR_MED_12,2026-05-02,4,0,8,0,4,6,1,0.41010598297557327,0,FAIBLE
USR_MED_12,2026-05-03,6,0,19,0,6,6,1,0.4669489857447988,0,MOYEN
USR_MED_12,2026-05-04,2,0,7,0,0,1,1,0.3899026284989987,0,FAIBLE
USR_MED_12,2026-05-05,5,0,13,0,0,6,1,0.3657222059897495,0,FAIBLE
USR_MED_12,2026-05-06,1,0,2,0,0,0,1,0.41160178371851236,0,FAIBLE
USR_MED_12,2026-05-07,5,0,13,0,0,10,1,0.3648247634325382,0,FAIBLE
USR_MED_12,2026-05-08,2,1,16,0,0,0,1,0.5154293907785699,0,MOYEN
USR_MED_12,2026-05-09,3,0,13,0,3,6,1,0.41476945781347885,0,FAIBLE
USR_MED_12,2026-05-10,5,0,17,0,5,4,1,0.45613297366020855,0,MOYEN
USR_MED_12,2026-05-11,4,0,10,0,0,9,1,0.35438567154158174,0,FAIBLE
USR_MED_12,2026-05-12,2,0,6,0,0,3,1,0.37163676499708725,0,FAIBLE
USR_MED_12,2026-05-13,6,0,307,0,0,9,1,0.4557412950873762,0,MOYEN
USR_MED_12,2026-05-14,1,0,1,0,0,0,1,0.41776833668568386,0,FAIBLE
USR_MED_12,2026-05-15,4,0,281,0,0,9,1,0.4509593049427926,0,MOYEN
USR_MED_12,2026-05-16,4,0,17,0,4,8,1,0.41148250613803034,0,FAIBLE
USR_MED_12,2026-05-17,3,0,8,0,3,4,1,0.41948974779540815,0,FAIBLE
USR_MED_12,2026-05-18,2,0,6,1,0,17,1,0.5134049634768861,0,MOYEN
USR_MED_12,2026-05-19,3,0,8,0,0,6,1,0.3566133792958053,0,FAIBLE
USR_MED_12,2026-05-20,2,0,2,0,0,2,1,0.3812325566386182,0,FAIBLE
USR_MED_12,2026-05-21,4,0,14,0,0,4,1,0.3733075249045004,0,FAIBLE
USR_MED_12,2026-05-22,3,0,12,0,0,2,1,0.3871040786652145,0,FAIBLE
USR_MED_12,2026-05-23,3,1,6,0,3,4,1,0.5024066894455808,0,MOYEN
USR_MED_12,2026-05-24,4,0,245,0,4,8,1,0.508303831779538,0,MOYEN
USR_MED_12,2026-05-25,2,0,5,0,0,2,1,0.3767627191286141,0,FAIBLE
USR_MED_12,2026-05-26,2,0,2,0,0,2,1,0.3812325566386182,0,FAIBLE
USR_MED_12,2026-05-27,4,0,285,0,0,4,1,0.4706849305029097,0,MOYEN
USR_MED_12,2026-05-28,8,0,379,0,0,5,1,0.5178409344213518,0,MOYEN
USR_MED_12,2026-05-29,4,0,13,0,0,8,1,0.35659900275999373,0,FAIBLE
USR_MED_13,2026-04-15,4,1,11,0,0,6,1,0.41642090187489017,0,FAIBLE
USR_MED_13,2026-04-16,1,0,1,0,0,0,1,0.41776833668568386,0,FAIBLE
USR_MED_13,2026-04-17,4,0,10,0,0,7,1,0.3544843590714571,0,FAIBLE
USR_MED_13,2026-04-18,4,1,21,0,4,10,1,0.4813848289323994,0,MOYEN
USR_MED_13,2026-04-19,7,0,22,0,7,11,1,0.49642166468670135,0,MOYEN
USR_MED_13,2026-04-20,2,0,4,0,0,1,1,0.38802349371548617,0,FAIBLE
USR_MED_13,2026-04-21,3,0,11,0,0,5,1,0.3624156392595411,0,FAIBLE
USR_MED_13,2026-04-22,6,0,13,1,0,17,1,0.4770188528672705,0,MOYEN
USR_MED_13,2026-04-23,5,0,14,0,0,8,1,0.3627375102804306,0,FAIBLE
USR_MED_13,2026-04-24,4,1,8,0,0,8,1,0.4114788140129747,0,FAIBLE
USR_MED_13,2026-04-25,3,1,26,0,3,10,1,0.4967894534317006,0,MOYEN
USR_MED_13,2026-04-26,7,1,21,1,7,15,-1,0.6066377621445893,1,ÉLEVÉ
USR_MED_13,2026-04-27,7,0,439,0,0,9,1,0.510918579734371,0,MOYEN
USR_MED_13,2026-04-28,1,0,3,0,0,0,1,0.4116720508678029,0,FAIBLE
USR_MED_13,2026-04-30,5,0,13,0,0,8,1,0.35915342174576564,0,FAIBLE
USR_MED_13,2026-05-01,1,0,4,0,0,0,1,0.41958352483294414,0,FAIBLE
USR_MED_13,2026-05-02,2,0,8,0,2,10,1,0.42433703410794826,0,FAIBLE
USR_MED_13,2026-05-03,6,1,26,0,6,5,1,0.5308390117542926,0,MOYEN
USR_MED_13,2026-05-04,1,0,5,0,0,0,1,0.4236225547944783,0,FAIBLE
USR_MED_13,2026-05-05,3,0,11,0,0,3,1,0.37564173831344233,0,FAIBLE
USR_MED_13,2026-05-06,3,1,33,0,0,4,1,0.45706741910197696,0,MOYEN
USR_MED_13,2026-05-07,2,0,9,0,0,3,1,0.3771154232661196,0,FAIBLE
USR_MED_13,2026-05-08,7,0,262,0,0,8,1,0.45859114868998135,0,MOYEN
USR_MED_13,2026-05-09,11,0,31,1,11,16,-1,0.6786116519575043,1,ÉLEVÉ
USR_MED_13,2026-05-10,6,0,19,0,6,9,1,0.4534423006908566,0,MOYEN
USR_MED_13,2026-05-11,2,0,4,0,0,2,1,0.37790597858356395,0,FAIBLE
USR_MED_13,2026-05-12,3,0,396,0,0,2,1,0.5292541294383357,0,MOYEN
USR_MED_13,2026-05-13,5,0,12,1,0,12,1,0.4582020758326916,0,MOYEN
USR_MED_13,2026-05-14,5,0,12,0,0,8,1,0.35807381267840316,0,FAIBLE
USR_MED_13,2026-05-15,4,0,9,0,0,6,1,0.35698952366467984,0,FAIBLE
USR_MED_13,2026-05-16,2,0,7,0,2,6,1,0.4138799009187256,0,FAIBLE
USR_MED_13,2026-05-17,3,0,4,1,3,10,1,0.535025397428412,0,MOYEN
USR_MED_13,2026-05-18,3,0,13,0,0,8,1,0.3605029197765063,0,FAIBLE
USR_MED_13,2026-05-19,6,0,19,0,0,8,1,0.3775017932347414,0,FAIBLE
USR_MED_13,2026-05-20,6,0,17,0,0,10,1,0.3781854416456668,0,FAIBLE
USR_MED_13,2026-05-21,6,0,20,0,0,10,1,0.3862516421667897,0,FAIBLE
USR_MED_13,2026-05-22,6,0,17,0,0,7,1,0.3759991361955939,0,FAIBLE
USR_MED_13,2026-05-23,4,0,220,0,4,6,1,0.5174255820634278,0,MOYEN
USR_MED_13,2026-05-24,3,0,6,0,3,10,1,0.4091086804792856,0,FAIBLE
USR_MED_13,2026-05-25,2,0,7,0,0,5,1,0.36515184943886814,0,FAIBLE
USR_MED_13,2026-05-26,1,0,2,0,0,0,1,0.41160178371851236,0,FAIBLE
USR_MED_13,2026-05-27,5,0,16,0,0,9,1,0.3644556121779171,0,FAIBLE
USR_MED_13,2026-05-28,3,0,11,1,0,17,1,0.49330818744751675,0,MOYEN
USR_MED_13,2026-05-29,2,0,9,0,0,4,1,0.37250021893547247,0,FAIBLE
USR_MED_14,2026-04-15,4,1,28,0,0,8,1,0.42015008172048735,0,FAIBLE
USR_MED_14,2026-04-16,4,0,441,0,0,7,1,0.4970554316435916,0,MOYEN
USR_MED_14,2026-04-17,4,0,16,0,0,7,1,0.3621749938391968,0,FAIBLE
USR_MED_14,2026-04-18,2,0,5,0,2,6,1,0.414126174453077,0,FAIBLE
USR_MED_14,2026-04-19,4,0,11,0,4,10,1,0.4091737117959523,0,FAIBLE
USR_MED_14,2026-04-20,3,0,9,0,0,2,1,0.3816621092372439,0,FAIBLE
USR_MED_14,2026-04-21,5,2,16,0,0,6,1,0.5120872492511622,0,MOYEN
USR_MED_14,2026-04-22,3,0,10,0,0,3,1,0.37221371697236344,0,FAIBLE
USR_MED_14,2026-04-23,4,0,15,1,0,17,1,0.48203303951174126,0,MOYEN
USR_MED_14,2026-04-24,3,0,7,0,0,10,1,0.359885098555542,0,FAIBLE
USR_MED_14,2026-04-25,7,0,446,0,7,6,-1,0.5935763967793227,1,ÉLEVÉ
USR_MED_14,2026-04-26,3,0,12,1,3,17,-1,0.544293729912893,1,MOYEN
USR_MED_14,2026-04-27,2,0,6,0,0,1,1,0.38865109566523864,0,FAIBLE
USR_MED_14,2026-04-28,4,1,32,0,0,9,1,0.42502484706665933,0,FAIBLE
USR_MED_14,2026-04-29,3,0,11,0,0,2,1,0.3865773285413215,0,FAIBLE
USR_MED_14,2026-04-30,3,0,10,0,0,1,1,0.39865556119196366,0,FAIBLE
USR_MED_14,2026-05-01,1,0,2,0,0,0,1,0.41160178371851236,0,FAIBLE
USR_MED_14,2026-05-02,8,0,28,0,8,10,1,0.53490804182969,0,MOYEN
USR_MED_14,2026-05-03,4,0,14,0,4,5,1,0.42673188117175176,0,FAIBLE
USR_MED_14,2026-05-04,4,0,13,0,0,9,1,0.3572392031488918,0,FAIBLE
USR_MED_14,2026-05-05,3,0,9,0,0,10,1,0.36137766854794773,0,FAIBLE
USR_MED_14,2026-05-06,5,0,18,0,0,7,1,0.37092330440558013,0,FAIBLE
USR_MED_14,2026-05-07,1,0,4,0,0,0,1,0.41958352483294414,0,FAIBLE
USR_MED_14,2026-05-08,1,0,1,0,0,0,1,0.41776833668568386,0,FAIBLE
USR_MED_14,2026-05-09,3,0,498,1,3,12,-1,0.6368003643906134,1,ÉLEVÉ
USR_MED_14,2026-05-10,3,0,9,0,3,1,1,0.4590326482913594,0,MOYEN
USR_MED_14,2026-05-11,2,0,7,0,0,2,1,0.3778804195067209,0,FAIBLE
USR_MED_14,2026-05-13,4,0,8,0,0,6,1,0.35689780171967395,0,FAIBLE
USR_MED_14,2026-05-14,4,0,9,0,0,9,1,0.35273349211496186,0,FAIBLE
USR_MED_14,2026-05-15,3,1,19,0,0,3,1,0.4525315925826966,0,MOYEN
USR_MED_14,2026-05-16,6,1,20,1,6,13,-1,0.5908730787906644,1,ÉLEVÉ
USR_MED_14,2026-05-18,2,1,29,0,0,5,1,0.45956582151642056,0,MOYEN
USR_MED_14,2026-05-19,2,0,6,0,0,0,1,0.4188477889416726,0,FAIBLE
USR_MED_14,2026-05-20,4,0,12,1,0,16,1,0.46727900909648057,0,MOYEN
USR_MED_14,2026-05-21,7,0,704,0,0,11,-1,0.5852540889967003,1,ÉLEVÉ
USR_MED_14,2026-05-22,3,0,9,0,0,7,1,0.3546140149086594,0,FAIBLE
USR_MED_14,2026-05-23,6,0,17,0,6,10,1,0.459405241756357,0,MOYEN
USR_MED_14,2026-05-24,5,0,12,0,5,6,1,0.4288659266848126,0,FAIBLE
USR_MED_14,2026-05-25,2,0,8,0,0,4,1,0.37002702276925215,0,FAIBLE
USR_MED_14,2026-05-26,3,1,10,0,0,6,1,0.4204910901803618,0,FAIBLE
USR_MED_14,2026-05-27,3,0,7,0,0,7,1,0.3530819765484172,0,FAIBLE
USR_MED_14,2026-05-28,3,0,10,0,0,5,1,0.35960423581809126,0,FAIBLE
USR_MED_14,2026-05-29,5,0,286,0,0,7,1,0.44796171602973095,0,FAIBLE
USR_MED_15,2026-04-16,5,0,17,0,0,8,1,0.36640835367025576,0,FAIBLE
USR_MED_15,2026-04-17,3,0,12,0,0,5,1,0.3637046976553118,0,FAIBLE
USR_MED_15,2026-04-18,3,0,12,0,3,6,1,0.41376955560663553,0,FAIBLE
USR_MED_15,2026-04-19,6,1,39,0,6,10,1,0.5341760535468311,0,MOYEN
USR_MED_15,2026-04-20,3,0,220,0,0,9,1,0.4638960766582007,0,MOYEN
USR_MED_15,2026-04-21,2,0,7,0,0,4,1,0.3686341101279052,0,FAIBLE
USR_MED_15,2026-04-22,6,0,252,0,0,8,1,0.4525304138401535,0,MOYEN
USR_MED_15,2026-04-23,3,0,11,0,0,8,1,0.3588622828723327,0,FAIBLE
USR_MED_15,2026-04-24,4,0,13,0,0,6,1,0.360897656439412,0,FAIBLE
USR_MED_15,2026-04-25,3,0,6,0,3,5,1,0.41427021009996756,0,FAIBLE
USR_MED_15,2026-04-26,4,0,11,0,4,10,1,0.4091737117959523,0,FAIBLE
USR_MED_15,2026-04-27,3,1,9,0,0,8,1,0.4191230433407294,0,FAIBLE
USR_MED_15,2026-04-28,4,0,11,0,0,7,1,0.35487374206880257,0,FAIBLE
USR_MED_15,2026-04-29,1,0,3,0,0,0,1,0.4116720508678029,0,FAIBLE
USR_MED_15,2026-04-30,3,0,291,0,0,1,1,0.5114645181851267,0,MOYEN
USR_MED_15,2026-05-01,4,0,18,0,0,3,1,0.3890316939488896,0,FAIBLE
USR_MED_15,2026-05-02,3,0,10,0,3,10,1,0.4132791514463661,0,FAIBLE
USR_MED_15,2026-05-03,3,1,31,0,3,9,1,0.49425230950272725,0,MOYEN
USR_MED_15,2026-05-04,2,0,4,0,0,3,1,0.3735124320059817,0,FAIBLE
USR_MED_15,2026-05-05,5,0,15,1,0,16,1,0.4668626772287452,0,MOYEN
USR_MED_15,2026-05-06,2,0,7,0,0,4,1,0.3686341101279052,0,FAIBLE
USR_MED_15,2026-05-07,3,0,9,0,0,5,1,0.3575829829311962,0,FAIBLE
USR_MED_15,2026-05-08,5,0,9,0,0,8,1,0.35662115010390977,0,FAIBLE
USR_MED_15,2026-05-09,3,0,5,0,3,10,1,0.41038223593961853,0,FAIBLE
USR_MED_15,2026-05-10,1,0,2,0,1,0,1,0.46306085253922974,0,MOYEN
USR_MED_15,2026-05-11,3,0,15,0,0,8,1,0.3655622149670425,0,FAIBLE
USR_MED_15,2026-05-12,6,0,19,0,0,11,1,0.3902629640667357,0,FAIBLE
USR_MED_15,2026-05-13,4,0,13,0,0,6,1,0.360897656439412,0,FAIBLE
USR_MED_15,2026-05-14,4,0,11,1,0,15,1,0.46305962390228894,0,MOYEN
USR_MED_15,2026-05-15,4,0,7,0,0,1,1,0.400598429363439,0,FAIBLE
USR_MED_15,2026-05-16,3,0,10,0,3,10,1,0.4132791514463661,0,FAIBLE
USR_MED_15,2026-05-17,4,1,27,0,4,7,1,0.48071936827188905,0,MOYEN
USR_MED_15,2026-05-19,5,0,409,0,0,7,1,0.47574840695729714,0,MOYEN
USR_MED_15,2026-05-20,3,0,9,0,0,9,1,0.3551534058841919,0,FAIBLE
USR_MED_15,2026-05-21,2,0,5,0,0,4,1,0.37026171638948085,0,FAIBLE
USR_MED_15,2026-05-22,5,0,791,0,0,8,-1,0.5526264346546209,1,ÉLEVÉ
USR_MED_15,2026-05-23,4,0,11,0,4,9,1,0.4030193620177992,0,FAIBLE
USR_MED_15,2026-05-24,2,0,2,0,2,5,1,0.4222104709377067,0,FAIBLE
USR_MED_15,2026-05-25,4,0,18,0,0,2,1,0.4044365600440641,0,FAIBLE
USR_MED_15,2026-05-26,2,0,4,0,0,0,1,0.41638798435495017,0,FAIBLE
USR_MED_15,2026-05-27,4,0,408,0,0,7,1,0.4770936106613634,0,MOYEN
USR_MED_15,2026-05-28,5,1,15,0,0,7,1,0.41110989818485527,0,FAIBLE
USR_MED_15,2026-05-29,3,0,12,0,0,5,1,0.3637046976553118,0,FAIBLE
USR_MED_16,2026-04-15,5,1,15,0,0,10,1,0.422185243836214,0,FAIBLE
USR_MED_16,2026-04-16,5,0,7,0,0,8,1,0.35621914764682844,0,FAIBLE
USR_MED_16,2026-04-17,5,1,18,0,0,9,1,0.4116977296091348,0,FAIBLE
USR_MED_16,2026-04-18,4,0,8,0,4,8,1,0.3999383187128731,0,FAIBLE
USR_MED_16,2026-04-19,5,0,17,1,5,15,-1,0.5460280323450858,1,MOYEN
USR_MED_16,2026-04-20,4,0,322,0,0,9,1,0.45628347121616214,0,MOYEN
USR_MED_16,2026-04-21,3,0,12,0,0,8,1,0.3591971982993395,0,FAIBLE
USR_MED_16,2026-04-22,3,0,9,0,0,2,1,0.3816621092372439,0,FAIBLE
USR_MED_16,2026-04-23,3,0,5,0,0,11,1,0.3690821502101963,0,FAIBLE
USR_MED_16,2026-04-24,6,0,19,0,0,8,1,0.3775017932347414,0,FAIBLE
USR_MED_16,2026-04-25,2,0,6,0,2,2,1,0.4352185277169388,0,FAIBLE
USR_MED_16,2026-04-26,3,0,9,1,3,10,1,0.5305804268382756,0,MOYEN
USR_MED_16,2026-04-27,10,1,36,0,0,9,1,0.4818152435630619,0,MOYEN
USR_MED_16,2026-04-28,4,1,12,0,0,8,1,0.4087595937081927,0,FAIBLE
USR_MED_16,2026-04-29,3,1,37,0,0,6,1,0.44642141732230767,0,FAIBLE
USR_MED_16,2026-04-30,3,0,439,0,0,3,1,0.5362634238753113,0,MOYEN
USR_MED_16,2026-05-01,5,0,17,0,0,9,1,0.36656295756964863,0,FAIBLE
USR_MED_16,2026-05-02,4,0,11,1,4,9,1,0.5299107352064248,0,MOYEN
USR_MED_16,2026-05-03,3,1,37,0,3,3,-1,0.5420797453585434,1,MOYEN
USR_MED_16,2026-05-04,1,1,21,0,0,0,1,0.5347567542078276,0,MOYEN
USR_MED_16,2026-05-05,3,0,11,0,0,10,1,0.36548042839651457,0,FAIBLE
USR_MED_16,2026-05-06,4,0,14,0,0,10,1,0.36607673569015364,0,FAIBLE
USR_MED_16,2026-05-07,5,0,13,0,0,10,1,0.3648247634325382,0,FAIBLE
USR_MED_16,2026-05-09,7,1,27,0,7,9,1,0.5264126475913936,0,MOYEN
USR_MED_16,2026-05-10,4,0,14,0,4,7,1,0.41015809612353815,0,FAIBLE
USR_MED_16,2026-05-11,3,0,13,0,0,8,1,0.3605029197765063,0,FAIBLE
USR_MED_16,2026-05-12,3,0,337,0,0,5,1,0.4815417476113033,0,MOYEN
USR_MED_16,2026-05-13,6,1,33,0,0,8,1,0.42793467695922,0,FAIBLE
USR_MED_16,2026-05-14,4,1,33,0,0,11,1,0.4435514482804986,0,FAIBLE
USR_MED_16,2026-05-15,6,0,245,0,0,9,1,0.45460076514186243,0,MOYEN
USR_MED_16,2026-05-16,4,0,357,0,4,6,1,0.5306292022783733,0,MOYEN
USR_MED_16,2026-05-17,8,0,308,1,8,18,-1,0.6645367572711026,1,ÉLEVÉ
USR_MED_16,2026-05-18,3,0,8,0,0,5,1,0.35680180627264835,0,FAIBLE
USR_MED_16,2026-05-19,3,0,7,0,0,9,1,0.35376363784397746,0,FAIBLE
USR_MED_16,2026-05-20,6,0,11,0,0,9,1,0.3644794738505473,0,FAIBLE
USR_MED_16,2026-05-21,6,0,22,0,0,6,1,0.393057849840643,0,FAIBLE
USR_MED_16,2026-05-22,2,0,8,0,0,6,1,0.367342683002214,0,FAIBLE
USR_MED_16,2026-05-23,3,1,14,1,3,9,-1,0.5854791549459113,1,ÉLEVÉ
USR_MED_16,2026-05-24,3,0,10,0,3,4,1,0.42372152821712994,0,FAIBLE
USR_MED_16,2026-05-25,2,0,5,0,0,3,1,0.3723771429988954,0,FAIBLE
USR_MED_16,2026-05-26,7,1,235,0,0,11,1,0.5179298536536298,0,MOYEN
USR_MED_16,2026-05-27,2,0,6,0,0,3,1,0.37163676499708725,0,FAIBLE
USR_MED_16,2026-05-28,5,0,10,0,0,9,1,0.3573383643657771,0,FAIBLE
USR_MED_16,2026-05-29,3,0,8,0,0,3,1,0.36815747586618536,0,FAIBLE
USR_MED_17,2026-04-15,3,1,7,1,0,16,1,0.5384479598633638,0,MOYEN
USR_MED_17,2026-04-16,2,0,10,0,0,0,1,0.4283941123422158,0,FAIBLE
USR_MED_17,2026-04-17,5,0,12,0,0,7,1,0.3603461112137457,0,FAIBLE
USR_MED_17,2026-04-18,4,1,17,0,4,8,1,0.4661102697216509,0,MOYEN
USR_MED_17,2026-04-19,9,0,29,0,9,7,-1,0.5655786651237343,1,ÉLEVÉ
USR_MED_17,2026-04-20,4,0,777,0,0,3,-1,0.5731367664285695,1,ÉLEVÉ
USR_MED_17,2026-04-21,5,0,13,0,0,7,1,0.3615414532417696,0,FAIBLE
USR_MED_17,2026-04-22,6,2,60,0,0,10,-1,0.5515069589306317,1,ÉLEVÉ
USR_MED_17,2026-04-23,6,0,16,1,0,14,1,0.46599527498024895,0,MOYEN
USR_MED_17,2026-04-24,2,0,6,0,0,2,1,0.37726641733515015,0,FAIBLE
USR_MED_17,2026-04-25,4,0,11,0,4,3,1,0.4470079494746344,0,FAIBLE
USR_MED_17,2026-04-26,4,1,22,0,4,8,1,0.46883727601500697,0,MOYEN
USR_MED_17,2026-04-27,1,1,28,0,0,0,1,0.5413638442836055,0,MOYEN
USR_MED_17,2026-04-28,3,0,12,0,0,4,1,0.36969142997905935,0,FAIBLE
USR_MED_17,2026-04-29,4,0,10,1,0,13,1,0.455411779116208,0,MOYEN
USR_MED_17,2026-04-30,6,0,17,0,0,8,1,0.3726355973204312,0,FAIBLE
USR_MED_17,2026-05-01,3,0,11,0,0,2,1,0.3865773285413215,0,FAIBLE
USR_MED_17,2026-05-02,4,1,36,0,4,10,1,0.501657159726785,0,MOYEN
USR_MED_17,2026-05-03,1,0,4,0,1,0,1,0.4666966735081124,0,MOYEN
USR_MED_17,2026-05-04,2,0,6,0,0,2,1,0.37726641733515015,0,FAIBLE
USR_MED_17,2026-05-05,4,1,12,0,0,8,1,0.4087595937081927,0,FAIBLE
USR_MED_17,2026-05-06,5,1,265,1,0,18,-1,0.609891488394105,1,ÉLEVÉ
USR_MED_17,2026-05-07,1,0,4,0,0,0,1,0.41958352483294414,0,FAIBLE
USR_MED_17,2026-05-08,4,0,13,0,0,9,1,0.3572392031488918,0,FAIBLE
USR_MED_17,2026-05-09,4,0,6,0,4,6,1,0.41125116000701667,0,FAIBLE
USR_MED_17,2026-05-10,5,1,19,0,5,9,1,0.4800135146178841,0,MOYEN
USR_MED_17,2026-05-11,5,0,240,0,0,5,1,0.4617982552156172,0,MOYEN
USR_MED_17,2026-05-12,5,1,29,0,0,6,1,0.4301868898945066,0,FAIBLE
USR_MED_17,2026-05-13,4,0,16,0,0,7,1,0.3621749938391968,0,FAIBLE
USR_MED_17,2026-05-14,4,0,11,0,0,8,1,0.35474758972159226,0,FAIBLE
USR_MED_17,2026-05-15,6,0,16,0,0,8,1,0.3708695376890285,0,FAIBLE
USR_MED_17,2026-05-16,3,0,13,0,3,5,1,0.42226550400357044,0,FAIBLE
USR_MED_17,2026-05-17,4,0,11,0,4,10,1,0.4091737117959523,0,FAIBLE
USR_MED_17,2026-05-18,2,0,2,0,0,1,1,0.39175018285156743,0,FAIBLE
USR_MED_17,2026-05-19,1,0,1,0,0,0,1,0.41776833668568386,0,FAIBLE
USR_MED_17,2026-05-20,6,0,16,0,0,7,1,0.3741516777414606,0,FAIBLE
USR_MED_17,2026-05-21,5,1,10,0,0,6,1,0.41628317151517463,0,FAIBLE
USR_MED_17,2026-05-22,1,0,3,0,0,0,1,0.4116720508678029,0,FAIBLE
USR_MED_17,2026-05-23,1,0,5,0,1,0,1,0.47326907497473375,0,MOYEN
USR_MED_17,2026-05-24,5,1,16,0,5,10,1,0.4921293718114955,0,MOYEN
USR_MED_17,2026-05-25,5,0,11,0,0,7,1,0.3591841671414095,0,FAIBLE
USR_MED_17,2026-05-26,5,0,11,0,0,6,1,0.36384403939775045,0,FAIBLE
USR_MED_17,2026-05-27,1,0,1,0,0,0,1,0.41776833668568386,0,FAIBLE
USR_MED_17,2026-05-28,8,0,20,0,0,10,1,0.4159930360826974,0,FAIBLE
USR_MED_17,2026-05-29,4,0,10,0,0,10,1,0.3594530322117782,0,FAIBLE
USR_MED_18,2026-04-15,5,0,17,0,0,6,1,0.3750110729875073,0,FAIBLE
USR_MED_18,2026-04-16,4,0,7,0,0,4,1,0.3629244535859468,0,FAIBLE
USR_MED_18,2026-04-17,3,0,6,0,0,9,1,0.35398597231153184,0,FAIBLE
USR_MED_18,2026-04-18,2,0,10,0,2,9,1,0.4180895529866546,0,FAIBLE
USR_MED_18,2026-04-19,5,0,16,0,5,8,1,0.4227096609953084,0,FAIBLE
USR_MED_18,2026-04-20,4,0,12,0,0,4,1,0.3684025344678924,0,FAIBLE
USR_MED_18,2026-04-21,7,3,46,0,0,7,-1,0.5796294782751392,1,ÉLEVÉ
USR_MED_18,2026-04-22,4,1,401,0,0,7,1,0.5321110706631985,0,MOYEN
USR_MED_18,2026-04-23,2,0,5,0,0,3,1,0.3723771429988954,0,FAIBLE
USR_MED_18,2026-04-24,6,0,13,0,0,8,1,0.36658867798374817,0,FAIBLE
USR_MED_18,2026-04-25,5,0,15,0,5,7,1,0.42719841166570144,0,FAIBLE
USR_MED_18,2026-04-26,4,0,15,0,4,11,1,0.4178329435195425,0,FAIBLE
USR_MED_18,2026-04-27,4,0,8,0,0,5,1,0.35922814759785604,0,FAIBLE
USR_MED_18,2026-04-28,3,1,22,0,0,7,1,0.42293303598362764,0,FAIBLE
USR_MED_18,2026-04-29,9,0,20,0,0,10,1,0.4339049529497279,0,FAIBLE
USR_MED_18,2026-04-30,6,0,20,0,0,10,1,0.3862516421667897,0,FAIBLE
USR_MED_18,2026-05-01,7,0,26,0,0,9,1,0.39938165010553583,0,FAIBLE
USR_MED_18,2026-05-02,3,0,10,0,3,8,1,0.40343675933590556,0,FAIBLE
USR_MED_18,2026-05-03,2,0,5,0,2,1,1,0.44390750307260346,0,FAIBLE
USR_MED_18,2026-05-04,2,0,6,0,0,7,1,0.36672219624169955,0,FAIBLE
USR_MED_18,2026-05-05,3,0,9,0,0,4,1,0.36352387293085664,0,FAIBLE
USR_MED_18,2026-05-06,6,0,13,0,0,7,1,0.3690995808820846,0,FAIBLE
USR_MED_18,2026-05-07,2,0,8,1,0,11,1,0.5012754491903119,0,MOYEN
USR_MED_18,2026-05-08,4,0,7,0,0,3,1,0.3704340007882171,0,FAIBLE
USR_MED_18,2026-05-09,1,0,3,0,1,0,1,0.45982404324193504,0,MOYEN
USR_MED_18,2026-05-10,5,0,14,0,5,11,1,0.42979261895053394,0,FAIBLE
USR_MED_18,2026-05-11,3,0,7,0,0,5,1,0.35628485387764214,0,FAIBLE
USR_MED_18,2026-05-12,1,0,2,0,0,0,1,0.41160178371851236,0,FAIBLE
USR_MED_18,2026-05-13,7,0,13,0,0,11,1,0.3904250964589115,0,FAIBLE
USR_MED_18,2026-05-14,1,0,3,0,0,0,1,0.4116720508678029,0,FAIBLE
USR_MED_18,2026-05-15,4,0,6,0,0,10,1,0.3566208743561013,0,FAIBLE
USR_MED_18,2026-05-16,6,1,47,0,6,9,1,0.5332431034256562,0,MOYEN
USR_MED_18,2026-05-17,6,0,20,0,6,10,1,0.4632573068887426,0,MOYEN
USR_MED_18,2026-05-18,5,0,18,1,0,17,1,0.48365221521542334,0,MOYEN
USR_MED_18,2026-05-19,5,1,510,0,0,9,-1,0.5648304837944165,1,ÉLEVÉ
USR_MED_18,2026-05-20,6,0,18,0,0,7,1,0.37711851796236817,0,FAIBLE
USR_MED_18,2026-05-21,6,0,22,0,0,9,1,0.3796843262059528,0,FAIBLE
USR_MED_18,2026-05-22,4,0,13,0,0,8,1,0.35659900275999373,0,FAIBLE
USR_MED_18,2026-05-23,3,1,8,0,3,8,1,0.4760370779090915,0,MOYEN
USR_MED_18,2026-05-24,5,0,13,0,5,9,1,0.41601523574997457,0,FAIBLE
USR_MED_18,2026-05-25,5,0,13,1,0,18,1,0.49084907237554565,0,MOYEN
USR_MED_18,2026-05-26,6,0,14,1,0,12,1,0.4649433090563408,0,MOYEN
USR_MED_18,2026-05-27,3,0,6,0,0,4,1,0.36162950051684684,0,FAIBLE
USR_MED_18,2026-05-28,4,0,13,0,0,2,1,0.39389258129356347,0,FAIBLE
USR_MED_18,2026-05-29,1,0,5,0,0,0,1,0.4236225547944783,0,FAIBLE
USR_MED_19,2026-04-15,6,1,19,1,0,16,1,0.5245681389428791,0,MOYEN
USR_MED_19,2026-04-16,6,0,22,0,0,4,1,0.40731043961910174,0,FAIBLE
USR_MED_19,2026-04-17,2,0,8,0,0,9,1,0.36909385404301787,0,FAIBLE
USR_MED_19,2026-04-18,7,0,459,0,7,8,-1,0.582866352075067,1,ÉLEVÉ
USR_MED_19,2026-04-19,4,1,25,0,4,6,1,0.4848718659320975,0,MOYEN
USR_MED_19,2026-04-20,4,0,11,0,0,9,1,0.35461319839765243,0,FAIBLE
USR_MED_19,2026-04-21,2,0,6,0,0,1,1,0.38865109566523864,0,FAIBLE
USR_MED_19,2026-04-22,2,0,6,0,0,3,1,0.37163676499708725,0,FAIBLE
USR_MED_19,2026-04-23,4,0,12,0,0,4,1,0.3684025344678924,0,FAIBLE
USR_MED_19,2026-04-24,4,1,36,0,0,8,1,0.4306457238107752,0,FAIBLE
USR_MED_19,2026-04-25,2,0,481,0,2,5,-1,0.5794603796734893,1,ÉLEVÉ
USR_MED_19,2026-04-26,6,0,17,0,6,7,1,0.45526813838669405,0,MOYEN
USR_MED_19,2026-04-27,4,0,12,0,0,4,1,0.3684025344678924,0,FAIBLE
USR_MED_19,2026-04-28,5,0,481,0,0,9,1,0.5118997254547105,0,MOYEN
USR_MED_19,2026-04-29,4,0,15,0,0,9,1,0.36068447603535314,0,FAIBLE
USR_MED_19,2026-04-30,2,0,10,0,0,7,1,0.3710445831250721,0,FAIBLE
USR_MED_19,2026-05-01,3,1,8,0,0,3,1,0.4492297145667899,0,FAIBLE
USR_MED_19,2026-05-03,1,0,4,0,1,0,1,0.4666966735081124,0,MOYEN
USR_MED_19,2026-05-04,3,0,10,0,0,7,1,0.35673914758057,0,FAIBLE
USR_MED_19,2026-05-05,1,0,1,0,0,0,1,0.41776833668568386,0,FAIBLE
USR_MED_19,2026-05-06,2,0,4,0,0,1,1,0.38802349371548617,0,FAIBLE
USR_MED_19,2026-05-07,3,0,15,0,0,8,1,0.3655622149670425,0,FAIBLE
USR_MED_19,2026-05-08,3,0,5,0,0,10,1,0.3609990000185339,0,FAIBLE
USR_MED_19,2026-05-09,5,0,11,0,5,11,1,0.42644711548940256,0,FAIBLE
USR_MED_19,2026-05-10,5,0,14,0,5,10,1,0.42669507066398954,0,FAIBLE
USR_MED_19,2026-05-11,3,0,8,0,0,6,1,0.3566133792958053,0,FAIBLE
USR_MED_19,2026-05-12,5,0,20,0,0,10,1,0.38089430055139173,0,FAIBLE
USR_MED_19,2026-05-13,2,0,6,1,0,11,1,0.5028743794094878,0,MOYEN
USR_MED_19,2026-05-14,3,0,8,0,0,9,1,0.3542886565040564,0,FAIBLE
USR_MED_19,2026-05-15,7,0,14,2,0,17,-1,0.6118212486269516,1,ÉLEVÉ
USR_MED_19,2026-05-16,3,0,8,0,3,6,1,0.40716986678082534,0,FAIBLE
USR_MED_19,2026-05-17,3,0,11,0,3,7,1,0.4075837978573963,0,FAIBLE
USR_MED_19,2026-05-18,4,0,9,0,0,3,1,0.3736461231194034,0,FAIBLE
USR_MED_19,2026-05-20,7,0,23,1,0,16,1,0.5040397972775057,0,MOYEN
USR_MED_19,2026-05-21,4,0,14,0,0,10,1,0.36607673569015364,0,FAIBLE
USR_MED_19,2026-05-22,5,0,6,0,0,9,1,0.3563946999721982,0,FAIBLE
USR_MED_19,2026-05-23,4,0,353,0,4,2,-1,0.5697232832888034,1,ÉLEVÉ
USR_MED_19,2026-05-24,3,0,9,0,3,5,1,0.4162273827456548,0,FAIBLE
USR_MED_19,2026-05-25,6,0,15,0,0,10,1,0.37554636995662305,0,FAIBLE
USR_MED_19,2026-05-26,4,0,11,0,0,8,1,0.35474758972159226,0,FAIBLE
USR_MED_19,2026-05-27,3,0,7,0,0,4,1,0.3615032439098497,0,FAIBLE
USR_MED_19,2026-05-28,3,0,5,0,0,4,1,0.36348298710652166,0,FAIBLE
USR_MED_19,2026-05-29,3,1,10,0,0,4,1,0.4348570579693167,0,FAIBLE
USR_MED_20,2026-04-15,2,0,5,0,0,2,1,0.3767627191286141,0,FAIBLE
USR_MED_20,2026-04-16,3,0,11,0,0,6,1,0.36130895408338987,0,FAIBLE
USR_MED_20,2026-04-17,4,0,15,0,0,8,1,0.360439803637797,0,FAIBLE
USR_MED_20,2026-04-18,7,0,27,0,7,8,1,0.49490316244089055,0,MOYEN
USR_MED_20,2026-04-19,7,0,312,0,7,6,-1,0.5650706552538308,1,ÉLEVÉ
USR_MED_20,2026-04-20,4,0,300,0,0,8,1,0.4469093107882955,0,FAIBLE
USR_MED_20,2026-04-21,2,0,5,0,0,3,1,0.3723771429988954,0,FAIBLE
USR_MED_20,2026-04-22,2,0,5,1,0,7,1,0.5094899773294792,0,MOYEN
USR_MED_20,2026-04-23,4,1,33,0,0,8,1,0.4244983217312964,0,FAIBLE
USR_MED_20,2026-04-24,4,1,29,0,0,5,1,0.43783311972178623,0,FAIBLE
USR_MED_20,2026-04-25,6,0,14,0,6,7,1,0.4524298622850284,0,MOYEN
USR_MED_20,2026-04-26,3,0,6,0,3,11,1,0.41705483511344515,0,FAIBLE
USR_MED_20,2026-04-27,8,0,737,0,0,9,-1,0.5825411658989806,1,ÉLEVÉ
USR_MED_20,2026-04-28,5,0,20,0,0,10,1,0.38089430055139173,0,FAIBLE
USR_MED_20,2026-04-29,3,0,9,0,0,7,1,0.3546140149086594,0,FAIBLE
USR_MED_20,2026-04-30,2,0,7,0,0,6,1,0.3660836978302577,0,FAIBLE
USR_MED_20,2026-05-01,6,0,12,1,0,16,1,0.468585943218835,0,MOYEN
USR_MED_20,2026-05-02,4,0,14,0,4,8,1,0.4077925360728615,0,FAIBLE
USR_MED_20,2026-05-03,6,1,34,0,6,7,1,0.5221483975716429,0,MOYEN
USR_MED_20,2026-05-04,3,0,10,0,0,3,1,0.37221371697236344,0,FAIBLE
USR_MED_20,2026-05-05,3,0,8,1,0,18,1,0.5112331042867165,0,MOYEN
USR_MED_20,2026-05-06,4,1,31,0,0,9,1,0.42444162545648345,0,FAIBLE
USR_MED_20,2026-05-07,7,1,329,0,0,9,1,0.5200687191598019,0,MOYEN
USR_MED_20,2026-05-09,3,0,10,1,3,14,1,0.5264113830417393,0,MOYEN
USR_MED_20,2026-05-10,2,0,9,0,2,2,1,0.4407661142114294,0,FAIBLE
USR_MED_20,2026-05-11,5,0,14,0,0,5,1,0.37421142257244466,0,FAIBLE
USR_MED_20,2026-05-12,3,0,5,0,0,9,1,0.3553365378038568,0,FAIBLE
USR_MED_20,2026-05-13,1,0,2,0,0,0,1,0.41160178371851236,0,FAIBLE
USR_MED_20,2026-05-14,1,0,5,0,0,0,1,0.4236225547944783,0,FAIBLE
USR_MED_20,2026-05-15,3,1,10,0,0,9,1,0.41710666239014893,0,FAIBLE
USR_MED_20,2026-05-16,4,0,11,0,4,8,1,0.4036147370890945,0,FAIBLE
USR_MED_20,2026-05-17,4,0,13,0,4,6,1,0.4151316654379618,0,FAIBLE
USR_MED_20,2026-05-18,7,0,24,0,0,6,1,0.4084252351123764,0,FAIBLE
USR_MED_20,2026-05-19,3,0,9,0,0,11,1,0.3685785190382938,0,FAIBLE
USR_MED_20,2026-05-20,2,0,6,0,0,4,1,0.36906090130012387,0,FAIBLE
USR_MED_20,2026-05-21,5,0,10,0,0,8,1,0.3578401422353118,0,FAIBLE
USR_MED_20,2026-05-22,7,0,19,0,0,11,1,0.4025468972370378,0,FAIBLE
USR_MED_20,2026-05-23,8,0,27,0,8,11,1,0.537572788336556,0,MOYEN
USR_MED_20,2026-05-24,2,0,5,0,2,7,1,0.4107962649608647,0,FAIBLE
USR_MED_20,2026-05-25,2,0,7,0,0,8,1,0.36642204985929877,0,FAIBLE
USR_MED_20,2026-05-26,1,0,3,0,0,0,1,0.4116720508678029,0,FAIBLE
USR_MED_20,2026-05-27,5,2,29,0,0,7,1,0.5165964684008824,0,MOYEN
USR_MED_20,2026-05-28,5,0,15,0,0,7,1,0.36631649947345524,0,FAIBLE
USR_MED_20,2026-05-29,5,0,225,0,0,8,1,0.44711621497406173,0,FAIBLE
